Company,Date of Breach,Reported Date
"A&A Global Imports, Inc.",n/a,01/14/2019
"Jensen Enterprises, Inc. d/b/a Jensen Precast",08/23/2018,01/11/2019
"International E-Z UP, Inc.","05/11/2018, 08/02/2018",01/11/2019
Centerstone Insurance and Financial Services d/b/a BenefitMall,"06/13/2018, 10/11/2018",01/03/2019
Humana Inc,05/30/2018,01/03/2019
"OXO International, Ltd.",07/01/2018,01/03/2019
"Aimbridge Hospitality Holdings, LLC","06/07/2018, 09/24/2018",01/02/2019
Hammer Nutrition,01/01/2018,01/02/2019
Wolverine Solutions Group,09/23/2018,12/28/2018
"MJ Insurance, Inc",09/26/2018,12/27/2018
"BEL USA, LLC (""BEL"") through its website DiscountMugs.com",08/05/2018,12/26/2018
San Jose State University,12/10/2018,12/26/2018
JAND Inc. d/b/a Warby Parker,"09/25/2018, 11/30/2018",12/21/2018
"Michael Koch, dba Lockhart, Britton & Koch",11/25/2018,12/20/2018
"Beverages & More, Inc. dba BevMo!","08/02/2018, 09/26/2018",12/14/2018
"ACE Cash Express, Inc.",10/27/2018,12/14/2018
Springstone Financial,"07/27/2018, 08/02/2018",12/14/2018
Contra Costa Health Plan,"12/01/2014, 05/22/2018",12/13/2018
Ally Bank,11/11/2018,12/13/2018
ASI Computer Systems,12/01/2016,12/12/2018
San Bernardino Community College District,10/25/2018,12/12/2018
Farmer Bros. Co.,05/01/2018,12/11/2018
"MUFG Union Bank, N.A.","11/09/2018, 11/22/2018",12/11/2018
Titan Manufacturing and Distributing Inc.,"11/23/2017, 05/22/2018, 10/25/2018",12/10/2018
Redwood Eye Center,09/19/2018,12/06/2018
"Marriott International, Inc.",09/10/2018,11/30/2018
"1873349 Ontario, Inc.",06/01/2018,11/30/2018
"The Tax Specialists, Inc.","03/01/2018, 03/19/2018",11/29/2018
"Viyet, LLC DBA Sotheby's Home",n/a,11/29/2018
"Thesy, LLC","12/06/2017, 06/27/2018",11/28/2018
Dunkin' Brands Inc.,n/a,11/28/2018
"Unified Trust Company, N.A.","12/06/2017, 02/25/2018",11/28/2018
Paylocity Corporation,11/01/2018,11/27/2018
"Artix Entertainment, LLC",n/a,11/27/2018
Atrium Health (formerly Carolinas HealthCare System),"09/22/2018, 09/29/2018",11/27/2018
Synchrony Bank,"12/28/2017, 07/09/2018",11/27/2018
Housing Authority of the County of Alameda (HACA),"09/02/2018, 09/03/2018",11/26/2018
"Pharmacy Times Office of Continuing Professional Education (""PTCE"")",07/06/2018,11/26/2018
"Prosper Marketplace, Inc.",10/03/2018,11/26/2018
British Airways Plc,"10/21/2018, 09/05/2018, 04/21/2018, 07/28/2018",11/21/2018
Discover Financial Services,02/26/2016,11/21/2018
R.R. Bowker LLC,05/01/2018,11/20/2018
El Centro Regional Medical Center,"05/08/2018, 05/11/2018",11/20/2018
Francesca’s Services Corporation,"12/28/2017, 07/09/2018",11/19/2018
LPL Financial LLC,11/01/2018,11/17/2018
Metropolitan Life Insurance Company,10/18/2018,11/16/2018
"OSIsoft, LLC","03/23/2017, 05/06/2017, 05/09/2017, 08/05/2017, 04/18/2018, 05/23/2018, 07/18/2018, 07/26/2018",11/16/2018
"HealthEquity, Inc.","09/04/2018, 10/05/2018",11/15/2018
Newegg Inc.,08/13/2018,11/15/2018
"Stein Mart, Inc.","12/28/2017, 07/09/2018",11/13/2018
City of Bakersfield,"08/11/2018, 10/01/2018",11/12/2018
"Title Nine Sports, Inc.","12/28/2017, 07/09/2018",11/12/2018
DC International,07/20/2018,11/07/2018
"Professional Publications, Inc. (PPI)","06/11/2017, 09/11/2017",11/06/2018
"El Paso – Los Angeles Limousine Express, Inc.","12/09/2016, 09/13/2018",11/06/2018
"Tyler Technologies, Inc.",10/08/2018,11/06/2018
"Nordstrom, Inc.",10/09/2018,11/05/2018
"Five Guys Holdings, Inc. and subsidiaries.","05/23/2018, 08/06/2018",11/02/2018
"Transamerica, including Transamerica Life Insurance Company and Transamerica Retirement Solutions, LLC",08/22/2018,11/02/2018
"HSBC Bank USA, National Association",10/04/2018,11/02/2018
OXO,07/01/2018,11/01/2018
NorthBay Healthcare Corporation,"05/08/2018, 05/09/2018, 05/10/2018, 05/11/2018",10/30/2018
"Raley's/Bel Air Mart/Nob Hill General Store, Inc.",09/24/2018,10/26/2018
"TengoInternet, Inc.",n/a,10/26/2018
"TravisMathew, LLC","08/13/2018, 09/25/2018",10/25/2018
"STL International, Inc. d/b/a Teeter",04/11/2018,10/25/2018
Girl Scouts of Orange County,09/30/2018,10/25/2018
"Bankers Life (BL) - BL is the marketing brand of Bankers Life and Casualty Co., Medicare Supplement insurance policies sold by Colonial Penn Life Insurance Co. and select policies sold in NY by Bankers Conseco Life Insurance Company, a NY licensed ins. co","05/30/2018, 09/13/2018",10/25/2018
"GS1 US, Inc.",07/07/2017,10/25/2018
"Net32, Inc.",09/22/2018,10/25/2018
ShopStyle Inc.,"04/16/2018, 04/27/2018",10/24/2018
Renaissance Philanthropic Solutions Group (“RenPSG”),"06/05/2018, 06/13/2018",10/18/2018
City of Indio/Indio Water Authority,"01/01/2017, 08/13/2018",10/12/2018
California State University East Bay,03/27/2017,10/12/2018
BioMarin Pharmaceutical Inc.,06/18/2018,10/11/2018
Envision Healthcare Corporation,07/17/2018,10/10/2018
Shein,06/01/2018,10/10/2018
"Roadrunner Transportation Systems, Inc.","04/01/2018, 04/29/2018",10/09/2018
"DecisionHR Holdings, Inc.",n/a,10/08/2018
Gold Coast Health Plan,"06/18/2018, 08/01/2018",10/05/2018
"North American Risk Services, Inc.","02/07/2018, 03/27/2018",10/05/2018
Kennedy High School,10/02/2018,10/04/2018
Another Planet Entertainment,04/09/2018,10/02/2018
Rite Aid Corporation,08/30/2018,10/01/2018
Quest Nutrition,11/10/2017,09/28/2018
Aflac,"09/08/2017, 05/09/2018",09/28/2018
"Chegg, Inc.",n/a,09/26/2018
Travis Credit Union,"07/16/2018, 08/19/2018",09/25/2018
Mark’s International Wines,07/22/2018,09/22/2018
YRC Worldwide Inc.,07/24/2018,09/21/2018
"Blood Systems, Inc.","08/29/2018, 08/30/2018, 08/31/2018, 09/01/2018, 09/02/2018",09/20/2018
The Affiliated Group,11/20/2017,09/19/2018
Tech Rabbit LLC,"02/22/2017, 05/22/2018",09/19/2018
"ELS Language Services, Inc.",n/a,09/18/2018
Peaceful Valley Farm & Garden Supply,"02/09/2018, 08/22/2018",09/11/2018
"Surgerical Specialties of Arroyo Grande, LLC, dba Oak Park Surgery Center",n/a,09/10/2018
Mt. Diablo Unified School District,08/08/2018,09/07/2018
"Reddit, Inc.",06/14/2018,09/04/2018
Bombas LLC,"09/27/2014, 02/25/2015",08/31/2018
"Port City Operating Company, doing business as St. Joseph's Medical Center",n/a,08/31/2018
Movement Mortgage LLC,"10/09/2017, 03/29/2018",08/31/2018
"Richard Owen Nursery, Inc. d/b/a Dutch Gardens USA",09/29/2017,08/29/2018
LÍLLÉbaby,06/01/2016,08/29/2018
"Dorian Business Systems, LLC",n/a,08/24/2018
Cheddar's Scratch Kitchen (a concept acquired by Darden Restaurants in 2017),"11/03/2017, 01/02/2018",08/23/2018
Quality-Care Pharmacy,03/11/2018,08/22/2018
Bank of the West,03/02/2018,08/20/2018
"Authentic Recovery Center, LLC",06/07/2018,08/17/2018
Animoto Inc.,07/10/2018,08/16/2018
Gordon Schanzlin New Vision Institute,10/25/2017,08/16/2018
"CNG Financial Corporation, Inc. and its administrative services entity Axcess Financial Services, Inc","07/11/2018, 07/16/2018",08/15/2018
Delicato Vineyards,"04/26/2018, 04/27/2018",08/14/2018
"Hasbro, Inc.","09/15/2017, 11/19/2017",08/10/2018
"JPMorgan Chase Bank, N.A.",06/28/2018,08/10/2018
Capital One,01/27/2017,08/09/2018
"TCM Bank, N.A. (“TCM Bank”)",03/15/2017,08/06/2018
Colorado Bankers Life Insurance Company,"03/28/2018, 04/13/2018",08/03/2018
"Gallagher Bassett Services, Inc.",n/a,08/03/2018
"American Express Travel Related Services Company, Inc.",07/05/2018,08/02/2018
Compass Bank,"01/01/2018, 07/01/2018",08/01/2018
"Welk Resort Group, Inc.","09/29/2017, 12/13/2017",08/01/2018
Bank of Hope,n/a,07/30/2018
UnityPoint Health,"03/14/2018, 04/03/2018",07/30/2018
Plant Therapy,"03/29/2018, 05/11/2018",07/30/2018
TradeMotion,10/13/2017,07/25/2018
Institute on Aging,05/28/2018,07/20/2018
Massive Media Match NV,11/23/2012,07/19/2018
"ComplyRight, Inc.","04/20/2018, 05/22/2018",07/19/2018
Discover Financial Services,01/02/2018,07/18/2018
Tommie Copper Inc,"11/10/2017, 01/21/2018",07/11/2018
MedEvolve,03/29/2018,07/10/2018
"Coty, Inc.",01/12/2018,07/06/2018
The International Mission Board,"02/14/2018, 04/11/2018",07/06/2018
"MSK Group, P.C.",05/07/2018,07/05/2018
"The Information and Referral Federation of Los Angeles County, Inc., d/b/a 211 LA County","03/14/2018, 04/23/2018",07/05/2018
"Macy's, Inc","04/26/2018, 06/11/2018",07/02/2018
City of Oxnard,"03/25/2018, 05/29/2018",06/29/2018
East Bay Municipal Utility District,02/05/2014,06/29/2018
"Amgen, Inc.",02/21/2018,06/26/2018
"Hasbro, Inc.","09/15/2017, 11/19/2017",06/25/2018
Discover Financial Services,07/16/2017,06/25/2018
"Forever 21, Inc.","02/15/2018, 03/23/2018",06/22/2018
Tuskegee University,"09/24/2017, 03/22/2018",06/22/2018
Notre Dame de Namur University,04/23/2018,06/20/2018
Regency Theatres,n/a,06/19/2018
Walgreen Co.,"12/20/2017, 04/17/2018",06/19/2018
GreatBanc Trust Company,10/23/2017,06/15/2018
MyHeritage Ltd.,10/26/2017,06/15/2018
POPSUGAR Inc.,02/22/2018,06/14/2018
AAA Business Supplies,04/08/2018,06/13/2018
"Denise M. Bowden, LAc",04/28/2018,06/11/2018
Manduka,"02/22/2017, 03/05/2018",06/08/2018
"Systeme Software, Inc.",05/07/2018,06/07/2018
"Aimbridge Hospitality Holdings, LLC","01/08/2018, 03/21/2018",06/07/2018
9W Halo OpCo L.P. d/b/a Angelica,"04/10/2018, 04/10/2018, 04/11/2018",06/07/2018
PLAE INC.,"03/15/2018, 05/11/2018",06/04/2018
"Edward D. Jones & Co, L.P.",04/21/2018,06/04/2018
City of Thousand Oaks,11/21/2017,06/04/2018
Hair Free Forever,n/a,06/03/2018
"Forever 21, Inc.",02/15/2018,06/01/2018
"Elmcroft Senior Living, Inc.","05/10/2018, 05/11/2018, 05/12/2018",06/01/2018
"Transamerica, including Transamerica Life Insurance Company and Transamerica Retirement Solutions, LLC","03/01/2017, 01/31/2018",06/01/2018
Bay Area Air Quality Management District,"01/10/2018, 01/24/2018, 01/31/2018, 02/07/2018",05/25/2018
"CBS Interactive, Inc.","01/01/2018, 05/16/2018",05/24/2018
California Department of Public Health,03/12/2018,05/23/2018
Golden 1 Credit Union,"04/07/2018, 04/14/2018, 04/22/2018",05/22/2018
"Muir Medical Group, IPA. Inc.",12/07/2017,05/22/2018
"Worldwide Services Insurance Agency, LLC","10/11/2017, 10/13/2017",05/21/2018
"Brinker International, Inc.",05/11/2018,05/18/2018
"Bombas, LLC",n/a,05/18/2018
"Black Phoenix, Inc",05/01/2018,05/17/2018
Corporation Service Company,11/25/2017,05/17/2018
Sears Holdings Management Corporation,"09/27/2017, 10/12/2017",05/17/2018
Providence Saint John's Health Center,"11/20/2017, 12/09/2017",05/16/2018
LifeBridge Health,"09/27/2016, 03/18/2018",05/15/2018
"TaskRabbit, Inc.",04/11/2018,05/14/2018
"San Francisco Department of Public Health (""SFDPH"")",12/09/2017,05/11/2018
"Capitol Administrators, Inc.","01/07/2018, 01/24/2018",05/11/2018
"Farmgirl Flowers, Inc.","04/26/2018, 04/29/2018",05/11/2018
"USACS Management Group, Ltd.",03/09/2018,05/08/2018
Deephaven Mortgage LLC,01/10/2018,05/08/2018
Global University,"12/31/2017, 01/31/2018",05/08/2018
Rail Europe North America Inc.,11/29/2017,05/08/2018
"MASON LAW OFFICE, P.C.","05/05/2018, 05/04/2018",05/05/2018
Rady Children's Hospital-San Diego,03/29/2018,05/03/2018
Hudson’s Bay Company,n/a,04/27/2018
"CPT Group, Inc.",12/08/2017,04/27/2018
Southwest Airlines co.,10/01/2017,04/20/2018
"W.W. Grainger, Inc.","09/26/2017, 10/12/2017",04/20/2018
Center for Orthopaedic Specialists,"02/18/2018, 02/25/2018, 03/04/2018",04/19/2018
AccessLex Institute d/b/a Access Group,03/23/2018,04/18/2018
Temp-Tations Home LLC d/b/a “Tara at Home”,08/01/2017,04/16/2018
"Best Buy Co., Inc.","09/26/2017, 10/12/2017",04/13/2018
"California Physicians’ Service, d/b/a Blue Shield of California",11/01/2017,04/13/2018
"Inogen, Inc.",12/09/2017,04/13/2018
"Delta Air Lines, Inc.","09/26/2017, 10/12/2017",04/13/2018
"PF@-Com, Inc.","02/20/2018, 03/15/2018",04/13/2018
"Mise En Place Restaurant Services, Inc.","03/06/2018, 03/15/2018",04/12/2018
"Walker Advertising, LLC",01/29/2018,04/09/2018
CA Dept. Developmental Services,02/11/2018,04/06/2018
Blue Beacon International,"01/29/2018, 03/15/2018",04/06/2018
"Dollar Shave Club, Inc.",03/21/2018,04/04/2018
City of Thousand Oaks,01/04/2018,04/03/2018
"Autism Learning Partners Holdings, LLC",03/15/2018,04/03/2018
"Sonoma County Indian Health Project, Inc.",03/08/2018,04/02/2018
"Santa Cruz Biotechnology, Inc.",12/17/2017,03/30/2018
Funding Circle,06/01/2017,03/30/2018
"Milligan Chiropractic Group, Inc. d/b/a Del Mar Chiropractic Sports Group",01/31/2018,03/30/2018
Thermo Fisher Scientific Inc.,n/a,03/30/2018
"Under Armour, Inc.",n/a,03/29/2018
"Mendes & Haney, LLP","01/23/2018, 02/26/2018",03/29/2018
"Fred Usinger, Inc.",09/24/2017,03/28/2018
"Shutterfly, Inc.",01/11/2018,03/28/2018
"Applied Plan Administrators (""APA""), a division of The Retirement Advantage, Inc. (""TRA"")",02/10/2018,03/28/2018
Manduka,"02/22/2017, 03/05/2018",03/27/2018
The Prudential Insurance Company of America,11/09/2017,03/27/2018
"Paycor, Inc.",02/16/2018,03/26/2018
"Branton, de Jong and Associates","02/11/2018, 02/26/2018",03/25/2018
"American Express Travel Related Services Company, Inc.",10/01/2017,03/22/2018
SOS TAX,n/a,03/22/2018
Orbitz,"10/01/2017, 12/22/2017",03/21/2018
"CareMeridian, LLC",12/21/2017,03/20/2018
Bronson Nutritionals LLC,"05/15/2017, 01/30/2018",03/19/2018
"NC Financial Solutions of California, LLC d/b/a NetCredit (""NetCredit"")",02/19/2018,03/19/2018
Taylor-Dunn Manufacturing,"04/26/2017, 01/24/2018",03/16/2018
Discover Financial Services,12/06/2014,03/13/2018
"California State University, Fresno",12/22/2017,03/06/2018
Preferred Hotel & Resorts,"06/01/2016, 11/01/2017",03/02/2018
Cruzstar LLC.,11/05/2017,03/02/2018
MJ Freeway Business Solutions,11/19/2016,03/01/2018
"Ventiv Technology, Inc.",10/14/2017,03/01/2018
"TravCorp USA, Inc. d/b/a The Travel Corporation",02/26/2018,03/01/2018
FastHealth Corporation,"08/14/2017, 08/18/2017",02/27/2018
California College of the Arts,01/19/2018,02/26/2018
"Innovative Artists Talent and Literary Agency, Inc.",02/11/2018,02/26/2018
North 40 Outfitters,"01/20/2017, 01/29/2018",02/23/2018
"Santa Cruz Biotechnology, Inc.",12/17/2017,02/22/2018
"Solera Holdings, Inc.",n/a,02/21/2018
Los Angeles Philharmonic,02/14/2018,02/20/2018
"Ascensus, LLC",01/31/2018,02/20/2018
White and Bright Family Dental,n/a,02/19/2018
"American Stock Transfer & Trust Company, LLC",02/01/2018,02/16/2018
California Department of Fish and Wildlife,n/a,02/14/2018
"Driscoll’s, Inc.","07/17/2017, 08/18/2017",02/13/2018
Sutter Health,"10/11/2017, 10/12/2017",02/07/2018
"PAR Electrical Contractors, Inc.",12/22/2017,02/05/2018
Ron's Pharmacy Services,10/03/2017,02/02/2018
"Advanced Graphic Products, Inc. /dba/ ""Advanced-Online""","04/29/2017, 01/12/2018",02/02/2018
Nevro Corporation,11/11/2017,01/29/2018
"Jeffrey Born, CPA, Inc.",12/31/2017,01/26/2018
"Steven Yang, D.D.S., INC.",01/06/2018,01/26/2018
"Member First Mortgage, LLC","11/25/2017, 12/21/2017",01/26/2018
"National Stores, Inc.","07/16/2017, 12/11/2017",01/22/2018
"Mindlance, Inc.",12/28/2017,01/19/2018
Rosewood Hotel Group,"05/29/2016, 01/11/2017",01/19/2018
Corovan Corporation,09/14/2017,01/18/2018
Employer Leasing Company,"09/14/2017, 09/18/2018",01/18/2018
American Golf Corporation,"12/12/2017, 12/15/2017",01/18/2018
Pension Fund of the Christian Church (“Pension Fund”),11/09/2017,01/16/2018
"Guaranteed Rate, Inc.","06/09/2017, 10/02/2017",01/12/2018
Pedes Orange County,11/14/2017,01/12/2018
"Deli Management, Inc. (d/b/a Jason's Deli, Inc.)",06/08/2017,01/11/2018
"talentReef, Inc.",10/16/2017,01/10/2018
"NHS, INC.",12/29/2017,01/10/2018
"FlagShip Facility Services, Inc.",12/05/2017,01/05/2018
Rea.deeming Beauty Inc. d/b/a beautyblender,"04/23/2015, 10/26/2017",01/05/2018
LiveGlam Inc.,04/25/2017,01/03/2018
"Forever 21, Inc.",04/03/2017,12/28/2017
"Kaiser Foundation Health Plan, Inc.",10/09/2017,12/28/2017
NextGen Global Resources,11/12/2017,12/28/2017
SAY San Diego,"08/01/2017, 10/27/2017",12/28/2017
California Department of Corrections and Rehabilitation,n/a,12/26/2017
"Ancestry.com Operations, Inc.",n/a,12/23/2017
STANFORD UNIVERSITY,n/a,12/22/2017
"TIO Networks USA, Inc. and its affiliates on behalf of billers in the attached schedules",n/a,12/22/2017
Anaheim Majestic Garden Hotel,"08/10/2016, 03/09/2017",12/22/2017
Veyna & Forschino,"11/06/2017, 11/24/2017",12/21/2017
Dameron Hospital,11/17/2017,12/21/2017
Children's Hospital Los Angeles,n/a,12/19/2017
"Sheldon M. Golden O.D., Optometric Corporation",11/06/2017,12/19/2017
"Sheldon M. Golden O.D., Optometric Corporation",11/06/2017,12/19/2017
Pinterest,11/24/2017,12/19/2017
Discover Financial Services,"06/02/2016, 10/01/2017",12/18/2017
Siskiyou Joint Community College District,12/13/2017,12/15/2017
MetLife,11/09/2017,12/15/2017
U-Haul Co. of California,01/10/2017,12/12/2017
WEI Mortgage LLC,"09/13/2017, 09/28/2017",12/08/2017
National Capital Poison Center (“NCPC”),10/21/2017,12/08/2017
Rehabilitation,11/22/2017,12/07/2017
"Kaiser Foundation Health Plan, Inc.",11/02/2017,12/05/2017
"Hayden, Narey & Persich","07/03/2017, 07/04/2017",12/05/2017
JAM Paper & Envelope,"06/15/2016, 11/06/2017",12/01/2017
County of Humboldt,n/a,12/01/2017
Stanford University,09/01/2016,12/01/2017
"Combat Brands, LLC","07/01/2015, 10/06/2017",11/29/2017
"Bulletproof 360, Inc.","10/13/2016, 10/19/2017",11/27/2017
Imgur,01/01/2014,11/24/2017
"Uber Technologies, Inc.","10/13/2016, 11/15/2016",11/21/2017
Armor Games Inc.,"10/24/2014, 10/24/2017",11/21/2017
Discover Financial Services,05/01/2015,11/21/2017
"USA Hoist Company, Inc., Mid-American Elevator Company, Inc., and Mid-American Elevator Equipment Company, Inc.",10/17/2017,11/20/2017
"Brinderson, L.P.",10/24/2017,11/17/2017
Academy of Art Unversity dba Stephens Institute,11/08/2017,11/17/2017
ClubSport San Ramon and Oakwood Athletic Club,07/31/2017,11/16/2017
"Cheddar’s Casual Café, Inc. d/b/a Cheddar’s Scratch Kitchen",07/21/2017,11/15/2017
Far Niente Winery,08/21/2017,11/15/2017
"CMI Marketing, Inc. d/b/a Cafe Media",01/01/2011,11/15/2017
ABM Industries Incorporated,07/07/2017,11/14/2017
Bakersfield City School District,11/09/2017,11/14/2017
Los Angeles County Department of Mental Health (LACDMH),10/24/2017,11/13/2017
Gallagher NAC,"06/18/2017, 09/19/2017",11/13/2017
Dignity Health - Mercy San Juan Medical Center,"09/08/2017, 09/09/2017, 09/10/2017, 09/11/2017, 09/12/2017",11/13/2017
Gary W Janke,09/26/2017,11/09/2017
Klinger Moving Company,"09/14/2017, 09/18/2017",11/09/2017
Chapman University,10/17/2017,11/08/2017
"Tween Brands, Inc.",n/a,11/03/2017
HumanGood,09/27/2017,11/03/2017
Kimberly-Clark Corporation,10/18/2017,11/02/2017
"Home Box Office, Inc.",05/15/2017,10/30/2017
"Chiorini, Hunt & Jacobs","07/01/2017, 09/27/2017",10/27/2017
The Union Labor Life Insurance Company,06/22/2017,10/27/2017
ALLIANCE FOR COLLEGE-READY PUBLIC SCHOOLS,04/04/2017,10/23/2017
Palomar Health,09/27/2017,10/20/2017
Kaiser Permanente Health Plan,09/18/2017,10/20/2017
"Whole Foods Market Services, Inc.",03/10/2017,10/20/2017
Discover Financial Services,06/01/2016,10/19/2017
Discover Financial Services,04/27/2017,10/19/2017
Spark Pay Online Store,"03/10/2017, 04/10/2017",10/17/2017
"Pizza Hut, Inc.","10/01/2017, 10/02/2017",10/14/2017
"Transamerica, including Transamerica Life Insurance Company and Transamerica Retirement Solutions, LLC","01/03/2017, 08/29/2017",10/13/2017
Hyatt Hotels Corporation,"03/18/2017, 07/02/2017",10/12/2017
"Community Family Care Medical Group IPA, Inc","02/29/2016, 07/13/2016",10/12/2017
Droege Computing Servi ces,09/26/2017,10/11/2017
Kayser-Roth Corporation,"07/01/2017, 08/09/2017",10/09/2017
"Provo Craft & Novelty, Inc., d/b/a/ Cricut",05/27/2017,10/06/2017
Catholic United Financial,11/12/2016,10/06/2017
Tommie Copper Inc.,"04/25/2017, 08/29/2017",10/06/2017
"SyncHR, Inc.",08/23/2017,10/06/2017
SONIC Corp.,n/a,10/05/2017
Avanti Markets Inc.,07/04/2017,10/05/2017
Cabrillo Community College District,09/04/2017,10/05/2017
"FlexShopper, LLC","08/25/2017, 08/30/2017",10/03/2017
Northwestern Mutual Life Insurance Company,08/31/2017,10/03/2017
The Online Traffic School,n/a,09/29/2017
Fresno Unified School District,n/a,09/27/2017
"Servis One, Inc. dba BSI Financial Services",06/01/2017,09/27/2017
Wells Fargo Advisors,07/06/2017,09/26/2017
Sprint,"05/07/2017, 07/22/2017",09/20/2017
"W.W. Grainger, Inc.",08/23/2017,09/19/2017
"Signator Investors, Inc.",06/08/2017,09/19/2017
TRUEbenefits LLC,"05/18/2017, 05/19/2017",09/18/2017
"Bulletproof 360, Inc.","10/26/2016, 08/28/2017",09/15/2017
E. & J. Gallo Winery,08/18/2017,09/15/2017
The International Council of Shopping Centers,"03/24/2017, 08/18/2017",09/15/2017
"ABB, Inc.",08/25/2017,09/11/2017
Cohn Handler Sturm,07/29/2017,09/08/2017
Home Point Financial Corporation,n/a,09/08/2017
Equifax Inc.,"05/13/2017, 07/30/2017",09/07/2017
SRI International,n/a,09/07/2017
Sixty Hotels,03/09/2017,09/07/2017
City of Oceanside,n/a,09/06/2017
Community Memorial Health System,06/22/2017,09/05/2017
CBS Consolidated Inc.,07/10/2017,09/05/2017
Hand & Upper Extremity Centers dba Hand Rehabilitation Specialists,n/a,09/01/2017
Akira,"11/01/2016, 07/20/2017",09/01/2017
Kaiser Foundation Health Plan,08/09/2017,08/31/2017
Mr. Cooper,07/05/2017,08/30/2017
South Coast Winery Resort & Spa and Carter Estate Winery Resort,"08/10/2016, 03/09/2017",08/30/2017
Wells Fargo Advisors,07/06/2017,08/29/2017
CoreLogic Credco,"07/21/2017, 08/07/2017",08/29/2017
Massachusetts Mutual Life Insurance Company,08/17/2017,08/29/2017
The Roosevelt Hotel New York,"08/10/2016, 03/09/2017",08/28/2017
The Bicycle Casino Hotel,"08/10/2016, 03/09/2017",08/28/2017
The Domain Hotel,"08/10/2016, 03/09/2017",08/28/2017
Zazzle Inc.,07/30/2017,08/25/2017
Zymo Research Corporation,03/15/2017,08/25/2017
"FRANKLIN R. NOTO, CPA","07/27/2017, 07/30/2017",08/25/2017
Sharp Memorial Hospital,02/06/2017,08/25/2017
Aimbridge Hospitality Holdings LLC,"08/10/2016, 03/09/2017",08/24/2017
Golden 1 Credit Union,08/04/2017,08/21/2017
"Dutch, LLC","06/09/2016, 12/25/2016",08/17/2017
Native Canada Footwear,04/28/2015,08/16/2017
South Coast Winery Resort & Spa and Carter Estate Winery Resort,"08/10/2017, 03/09/2017",08/16/2017
Denihan Hospitality,"08/10/2016, 03/09/2017",08/16/2017
Performant Financial Corporation,"01/27/2017, 02/02/2017",08/14/2017
"Pacifica Hotel Management, LLC","08/10/2016, 03/09/2017",08/11/2017
Pacific Alliance Medical Center,06/14/2017,08/11/2017
"Integrated Clark Monroe, LLC, owner of the Hyatt Centric The Loop Chicago","09/27/2016, 04/28/2017",08/07/2017
City of Hope,"05/31/2017, 06/03/2017, 06/05/2017",08/03/2017
UCLA Summer Sessions & International Education Office,n/a,07/31/2017
"Delaware North Companies, LLC.",n/a,07/31/2017
Steel Technology LLC dba Hydro Flask,n/a,07/28/2017
Kimpton Hotels & Restaurants,"08/10/2016, 03/09/2017",07/28/2017
Noble House Hotels & Resorts,"08/10/2016, 03/09/2017",07/28/2017
Hamilton Zanze & Company,06/29/2017,07/27/2017
"Hilderbrand & Clark, CPA",06/14/2017,07/27/2017
Virgin America,n/a,07/26/2017
Woodside Hotels and Resorts,"08/10/2016, 03/09/2017",07/26/2017
The Neiman Marcus Group,01/01/2016,07/26/2017
Avanti Markets Inc.,"07/02/2017, 07/04/2017",07/24/2017
"SBE ENT Holdings, LLC",08/10/2016,07/22/2017
Standard International Management LLC,"08/10/2016, 03/09/2017",07/21/2017
The Sandman Santa Rosa,"08/10/2016, 03/09/2017",07/21/2017
Pacific Hospitality Group,"11/03/2016, 03/09/2017",07/21/2017
"Value Eyecare Network, Inc. d/b/a 39dollarglasses.com",n/a,07/21/2017
Discover Financial Services,06/04/2016,07/21/2017
Sydell Partners,"08/10/2016, 03/09/2017",07/21/2017
Discover Financial Services,10/22/2014,07/21/2017
Discover Financial Services,09/04/2016,07/21/2017
Discover Financial Services,08/10/2016,07/21/2017
Discover Financial Services,04/05/2016,07/21/2017
"Kevin J Palmer & Co, CPA","05/21/2017, 06/06/2017",07/20/2017
Hathaway-Sycamores Child and Family Services,02/03/2017,07/19/2017
"SportsMem, Inc.","10/12/2016, 05/31/2017",07/18/2017
"Keller Williams Realty, Inc.","05/06/2017, 05/10/2017",07/18/2017
"Remington Lodging & Hospitality, LLC and Affiliates","08/10/2016, 03/09/2017",07/18/2017
"Preferred Hotel Group, Inc.",08/10/2017,07/14/2017
"Two Roads Hospitality, LLC","08/10/2016, 03/09/2017",07/14/2017
Aqua-Aston Hospitality LLC,"08/10/2016, 03/09/2017",07/14/2017
Harvest Bible Chapel d/b/a Walk in the Word Ministries,"06/01/2016, 05/30/2017",07/13/2017
YMCA of San Diego County,06/14/2017,07/12/2017
Club Quarters Hotels,"08/10/2016, 03/09/2017",07/12/2017
La Quinta Center for Cosmetic Dentistry,08/26/2016,07/12/2017
Movement Mortgage (“Movement”),"08/01/2016, 10/01/2016",07/10/2017
"Andrea Yaley, DDS",05/19/2017,07/10/2017
Hard Rock International,05/17/2017,07/07/2017
"Real Estate Business Services, Inc.","03/13/2017, 05/15/2017",07/07/2017
Four Seasons Hotels Limited,"08/10/2016, 03/09/2017",07/06/2017
University of California Davis Health,05/17/2017,07/06/2017
Spark Pay Online Store,04/10/2017,07/06/2017
Kayser-Roth Inc.,"02/01/2016, 12/31/2016",07/05/2017
Loews Hotels & Co.,"08/29/2016, 03/09/2017",07/05/2017
White Blossom Care Center,n/a,06/30/2017
Meepos & Company,"02/24/2017, 05/19/2017",06/30/2017
Trump Hotels,"08/10/2016, 03/09/2017",06/30/2017
"State Farm Mutual Automobile Insurance Company, it affiliates and subsidiaries",12/30/2016,06/30/2017
"Paul Stuart, Inc.",n/a,06/29/2017
Google Inc.,"08/10/2016, 03/09/2017",06/29/2017
"GolfTec Enterprises, LLC",03/02/2017,06/23/2017
Discover Financial Services,07/01/2014,06/23/2017
Discover Financial Services,09/11/2014,06/23/2017
Discover Financial Services,04/05/2016,06/23/2017
"Caliber Home Loans, Inc.",01/18/2017,06/22/2017
"Sadd Velazquez Higashi Shammaa, LLP","05/01/2017, 05/02/2017, 05/03/2017",06/20/2017
Home Point Financial Corporation,n/a,06/20/2017
Torrance Memorial Medical Center,"04/18/2017, 04/19/2017",06/19/2017
Occidental College,06/01/2017,06/19/2017
Bed Bath & Beyond Inc.,05/15/2017,06/19/2017
"Jewelry.com, a division of Richline Group, Inc.","11/16/2016, 03/23/2017",06/17/2017
"Gracenote, a Nielsen Company",05/18/2017,06/15/2017
Washington State University,04/21/2017,06/09/2017
SMH Enterprises LLC,05/30/2017,06/09/2017
"Select Restaurants, Inc.","10/26/2016, 01/05/2017",06/09/2017
Northern Humboldt Union High School District,04/17/2017,06/06/2017
"GameStop, Inc.",08/10/2016,06/05/2017
"Freedom Smokes, Inc.",03/07/2017,06/05/2017
Signature Hardware Inc.,04/28/2017,06/02/2017
BMO Harris Bank N.A.,05/15/2017,05/31/2017
"Keith M. Southwood, CPA, Inc.",03/29/2017,05/31/2017
"Funding Circle USA, Inc.",04/27/2017,05/30/2017
Da Vinci Schools,04/04/2017,05/30/2017
Wiseburn Unified School District,04/04/2017,05/30/2017
FastHealth Corporation,"01/14/2016, 12/20/2016",05/26/2017
"Chipotle Mexican Grill, Inc.","03/24/2014, 04/18/2017",05/26/2017
"Allrecipes.com, Inc.",n/a,05/25/2017
"Char-Broil, LLC","03/22/2017, 04/21/2017",05/25/2017
Bank of the West,"02/01/2017, 04/09/2017",05/24/2017
"Incipio, LLC",02/26/2016,05/23/2017
"TALX Corporation, a wholly owned subsidiary of Equifax, Inc.","01/04/2016, 03/29/2017",05/23/2017
"Michael T. Blevins, Inc.",03/26/2017,05/20/2017
Mt. Diablo Unified School District,04/27/2017,05/19/2017
HSX.com,n/a,05/18/2017
"Rite Aid Online Store, Inc.","01/30/2017, 04/11/2017",05/17/2017
Discover Financial Services,11/24/2015,05/17/2017
Equitable Tax Service,03/16/2017,05/16/2017
"Nicopure Labs, LLC",n/a,05/16/2017
"Tatcha, LLC",01/08/2017,05/16/2017
The University of New Mexico Foundation,02/16/2017,05/15/2017
KURU Footwear,"12/20/2016, 03/03/2017",05/15/2017
TripAdvisor LLC,n/a,05/15/2017
Indigo Wild,04/17/2017,05/15/2017
"D'Angelo & Associates, APC","03/25/2017, 03/26/2017, 03/27/2017, 03/28/2017, 03/29/2017, 03/30/2017, 03/31/2017, 04/01/2017, 04/02/2017, 04/03/2017, 04/04/2017, 04/12/2017, 04/13/2017, 04/14/2017, 04/15/2017",05/12/2017
Brooks Brothers,"04/04/2016, 03/01/2017",05/12/2017
"Genpact International, Inc.",01/12/2017,05/08/2017
"RM Acquisition, LLC d/b/a Rand McNally","04/12/2017, 03/02/2017",05/05/2017
Agri Beef Co.,11/22/2016,05/04/2017
"Zinc Auto Finance, Inc",n/a,05/03/2017
"MSA Accounting CPA, Professional Corp.",n/a,05/02/2017
"Mcdavid, Inc.","09/05/2017, 11/11/2017",05/02/2017
Palo Alto Unified School District,04/04/2017,05/01/2017
"Gannett Company, Inc",03/28/2017,04/28/2017
"Aptos, Inc. on behalf of Retailers in Attached Addendum",n/a,04/28/2017
"Extreme Reach, Inc.",02/08/2017,04/28/2017
Los Angeles City Employees Retirement System,04/05/2017,04/24/2017
ILKB LLC,"10/01/2016, 01/10/2017",04/24/2017
Campbell Union High School District,04/03/2017,04/20/2017
Northrop Grumman Systems Corporation,"04/18/2016, 03/29/2017",04/19/2017
"Combat Brands, LLC",07/01/2015,04/17/2017
"DLD Accountancy, LLP",03/03/2017,04/17/2017
"Jack Anthony Industries, Inc","02/06/2017, 02/07/2017, 02/08/2017, 02/09/2017, 02/10/2017, 02/11/2017, 02/12/2017, 02/13/2017, 02/14/2017, 02/15/2017, 02/16/2017, 02/17/2017, 02/18/2017, 02/19/2017, 02/20/2017, 02/22/2017, 02/23/2017, 02/21/2017",04/14/2017
The Neiman Marcus Group,12/26/2015,04/14/2017
"Six Continents Hotels, Inc. (d/b/a InterContinental Hotels Group)",09/29/2016,04/14/2017
Westlake Touchless Car Wash,02/06/2017,04/14/2017
Delta Career Education Corporation,02/13/2017,04/14/2017
Alamo Capital,03/14/2017,04/13/2017
"Bluestem Brands, Inc.",04/07/2017,04/13/2017
Acme Car Wash and Clearwater Express,"02/06/2017, 02/07/2017, 02/08/2017, 02/09/2017, 02/10/2017, 02/11/2017, 02/12/2017, 02/13/2017, 02/14/2017, 02/15/2017, 02/16/2017, 03/17/2017, 02/18/2017, 02/19/2017, 02/20/2017, 02/21/2017, 02/22/2017, 02/23/2017",04/10/2017
WildWater Express Carwash,02/10/2017,04/10/2017
Edgar & Associates LLP,"04/01/2016, 04/02/2016, 09/28/2016, 11/03/2016",04/06/2017
Auto Pride Car Wash,"02/11/2017, 02/27/2017",04/04/2017
"Aptos, Inc. on behalf of Retailers in the Attached Addendum",n/a,04/04/2017
ShowTix4U,"12/11/2016, 02/02/2017",03/29/2017
"Quench USA, Inc",02/10/2017,03/29/2017
Oilandgasjobsearch.com Limited,09/03/2016,03/29/2017
Mollie Stone's Markets,n/a,03/27/2017
"Easy Breathe, Inc.",01/04/2017,03/27/2017
"Goldenvoice, LLC",09/01/2016,03/24/2017
For the Inspiration and Recognition of Science and Technology,"01/21/2017, 03/07/2017",03/24/2017
Urology Austin,01/22/2017,03/22/2017
"LYFE Kitchen Companies, LLC","11/03/2016, 01/06/2017",03/21/2017
Schurman Fine Papers dba Schurman Retail Group,01/18/2017,03/21/2017
Rent the Runway,02/23/2017,03/21/2017
Praetorian Digital which operates PoliceOne.com,n/a,03/21/2017
"Bulletproof 360, Inc.","10/26/2016, 01/31/2017",03/21/2017
Campbell Taylor & Company,"01/27/2017, 02/02/2017",03/18/2017
"Hampton Jitney, Inc.",02/20/2017,03/17/2017
American Tire Distributors Holdings Inc.,03/03/2017,03/17/2017
"NSC Technologies, LLC",n/a,03/16/2017
Zest Dental Solutions,"12/31/2013, 09/21/2014, 11/02/2016, 02/04/2017",03/14/2017
Ondracek & Company,11/21/2016,03/13/2017
"Aptos, Inc. on behalf of Retailers in Attached Addenda",n/a,03/13/2017
Hutchinson and Bloodgood LLP,12/21/2016,03/10/2017
Tarleton Medical,n/a,03/09/2017
prAna,12/14/2016,03/08/2017
"Friedman & Perry, CPA's","06/15/2016, 01/30/2017",03/08/2017
Universal Care DBA Brand New Day,12/22/2016,03/03/2017
West Music Company,02/01/2016,03/03/2017
Orange County Global Medical Center,02/08/2017,03/02/2017
University of California Santa Cruz,01/13/2017,03/02/2017
Stallcup & Associates CPAs,01/10/2017,03/01/2017
"MetWest Terra Hospitality, LLC",n/a,03/01/2017
Spiral Toys,01/07/2017,02/28/2017
"John D. Williamson, Certified Public Accountant",02/09/2017,02/27/2017
Aptos Inc.,02/01/2016,02/27/2017
"Aptos, Inc. on behalf of Retailers in the Attached Addendum",n/a,02/25/2017
"Roberts Hawaii, Inc.",07/30/2017,02/24/2017
Abbott Nutrition,n/a,02/24/2017
Rod's Western Palace,"10/11/2016, 02/10/2017",02/24/2017
"Logic Supply, Inc.",02/06/2017,02/23/2017
JoFit,n/a,02/22/2017
Discover Financial Services,11/02/2014,02/20/2017
Discover Financial Services,01/02/2016,02/20/2017
Discover Financial Services,11/29/2015,02/20/2017
Intex Recreation Corp.,"02/24/2016, 12/14/2016",02/20/2017
DEBOER INCOME TAX,n/a,02/17/2017
Operating Engineers Local Union No. 3,02/09/2017,02/15/2017
"The Honest Kitchen, Inc.",11/30/2016,02/14/2017
NEO Tech,01/27/2017,02/12/2017
CCHCS,01/23/2017,02/09/2017
The Boeing Company,11/21/2016,02/08/2017
Verity Medical Foundation,01/06/2017,02/07/2017
"Platt College, Los Angeles LLC",01/17/2017,02/07/2017
Capital One,n/a,02/06/2017
"Nakawatase & Kaminsky, CPAs, LLP","10/31/2016, 11/01/2016, 11/05/2016, 11/08/2016",02/03/2017
"Six Continents Hotels, Inc. (d/b/a InterContinental Hotels Group)",08/01/2016,02/03/2017
"Renovate America, Inc.",01/20/2017,02/03/2017
"Toys ""R"" Us-Delaware, Inc.",01/17/2017,02/02/2017
"DBM Global, Inc.",01/07/2017,02/02/2017
Sunrun Inc.,01/20/2017,02/02/2017
Palomar Community College District,01/05/2017,01/30/2017
"eHealthInsurance Services, Inc.",01/20/2017,01/27/2017
International Code Council,"04/25/2016, 07/11/2016",01/27/2017
"Synergy Specialists Medical Group, Inc.","12/05/2016, 12/06/2016, 12/07/2016, 12/08/2016, 12/09/2016",01/27/2017
"Charles Komar & Sons, Inc.","03/01/2015, 12/01/2016",01/26/2017
Pool Supply Unlimited,01/09/2017,01/23/2017
Wonderful Center for Health Innovation,12/12/2016,01/20/2017
Department of Justice,10/14/2016,01/20/2017
"CoPilot Provider Support Services, Inc.",n/a,01/19/2017
Discover Financial Services,01/31/2016,01/18/2017
Discover Financial Services,11/18/2014,01/18/2017
Children's Hospital Los Angeles,10/18/2016,01/13/2017
"Spiraledge, Inc.","05/02/2016, 11/22/2016",01/12/2017
"Kevin Harrington, CPA",n/a,01/09/2017
Legal Aid Society of Orange County,09/25/2016,01/06/2017
"International Association of Sheet Metal, Air, Rail & Transport Workers, Sheet Metal Workers’ Local Union No. 104",10/03/2016,12/30/2016
Graphik Dimensions Ltd.,"07/12/2016, 11/30/2016",12/28/2016
"The Topps Company, Inc.",07/30/2016,12/27/2016
FriendFinder Networks Inc.,"10/14/2016, 10/19/2016",12/23/2016
Claremont University Consortium,11/15/2016,12/22/2016
Dover Federal Credit Union,"09/20/2016, 11/17/2016",12/22/2016
"Western Union Financial Services, Inc., on behalf of itself and its applicable subsidiaries",07/01/2016,12/20/2016
Kaiser Foundation Hospitals,"11/16/2016, 11/28/2016",12/20/2016
County of Los Angeles,05/13/2016,12/16/2016
"Turner Broadcasting System, Inc.",n/a,12/16/2016
Yahoo! Inc.,n/a,12/14/2016
K Partners Hotel Management,04/02/2016,12/14/2016
BraceAbility,09/24/2016,12/13/2016
Quest Diagnostics,11/26/2016,12/12/2016
Anchor Loans LP,11/07/2016,12/09/2016
"East Valley Community Health Center, Inc.",10/18/2016,12/06/2016
TSYS Merchant Solutions,11/14/2016,12/05/2016
San Jose Evergreen Community College District,n/a,12/02/2016
"The LANG Companies, Inc.",09/01/2016,11/30/2016
EmblemHealth,"10/03/2016, 10/04/2016, 10/05/2016, 10/06/2016, 10/07/2016, 10/08/2016, 10/09/2016, 10/10/2016, 10/11/2016, 10/12/2016, 10/13/2016, 10/14/2016",11/30/2016
"Hillary Tentler, CPA",11/04/2016,11/29/2016
Michigan State University,11/13/2016,11/29/2016
Hewitt Associates LLC,07/07/2016,11/29/2016
Island Hotel Company Limited,"03/09/2016, 10/22/2016",11/23/2016
The Madison Square Garden Company,11/09/2015,11/22/2016
The California Department of Corrections and Rehabilitation,10/28/2016,11/21/2016
Springfield Armory,10/03/2015,11/18/2016
Eye Institute of Marin,"07/26/2016, 07/27/2016",11/18/2016
"QVC, Inc.",n/a,11/17/2016
"Watsonville Chiropractic, Inc.",05/01/2016,11/17/2016
"Luque Chiropractic, Inc.","05/01/2016, 09/11/2016",11/17/2016
Baxter Credit Union,10/03/2016,11/10/2016
Eileen Fisher,"09/09/2016, 10/24/2016",11/09/2016
UFCW Local 655 Food Employers Joint Pension,07/14/2016,11/09/2016
"Kaiser Permanente Health Plan, Inc of Northern California",10/12/2016,11/07/2016
Unixiz Inc,n/a,11/06/2016
"Welk Resort Group, Inc.",10/05/2016,11/04/2016
National Wholesale Incorporated,"09/01/2016, 10/15/2016",11/03/2016
"Anne M. Cummings, M.D., F.A.C.P.","07/26/2016, 07/27/2016",10/30/2016
BEYOND YOGA,08/01/2016,10/28/2016
Discover Financial Services,03/08/2015,10/26/2016
Discover Financial Services,05/04/2014,10/26/2016
Discover Financial Services,03/02/2015,10/26/2016
"Cisco Systems, Inc.",08/18/2016,10/25/2016
"Silver Creek Fitness & Physical Therapy, Silver Creek Physical Therapy Gilroy, Silver Creek Physical Therapy Sunnyvale, Silver Creek Physical Therapy Los Gatos","05/01/2016, 09/11/2016",10/24/2016
Christian Louboutin LLC,"08/28/2016, 10/03/2016",10/20/2016
Apria Healthcare,08/05/2016,10/20/2016
Shutterstock Music Canada ULC d/b/a PremiumBeat,09/29/2016,10/20/2016
Eastwood Company,05/29/2016,10/19/2016
Broadview Mortgage,07/28/2016,10/17/2016
CalOptima,08/17/2016,10/14/2016
"Curtis F. Robinson, M.D. Inc.","07/26/2016, 07/27/2016",10/14/2016
Integrity Transitional Hospital,08/15/2016,10/14/2016
"Vera Bradley, Inc.",07/25/2016,10/12/2016
"Qvale Auto Group, Inc.",06/27/2016,10/10/2016
Public Health Institute,07/04/2016,10/05/2016
Hutton Hotel,"09/19/2012, 04/16/2015, 11/15/2015, 06/10/2016",09/30/2016
City of Vallejo,05/09/2016,09/29/2016
Novation Settlement Solutions,n/a,09/26/2016
Jive Software,n/a,09/23/2016
Discover Financial Services,10/25/2015,09/23/2016
Discover Financial Services,06/21/2015,09/23/2016
Discover Financial Services,10/27/2015,09/23/2016
"Hal Meadows, M.D.",07/27/2016,09/23/2016
Premier America Credit Union,06/29/2016,09/22/2016
Napa Valley Dentistry,08/11/2016,09/22/2016
Yahoo! Inc.,n/a,09/22/2016
UC San Diego School of Medicine,08/03/2016,09/22/2016
Zazzle Inc.,"08/22/2016, 08/15/2016",09/21/2016
"Stallcup & Associates, CPAs",07/11/2016,09/21/2016
USC Keck and Norris Hospitals,08/01/2016,09/20/2016
"Ursus Holdings, LLC","03/21/2016, 04/25/2016",09/19/2016
"Ascensus, Inc.",04/29/2016,09/19/2016
ACTIVEOutdoors,n/a,09/19/2016
Lulu's Fashion Lounge,"08/11/2016, 08/16/2016",09/16/2016
Yuba Sutter Medical Clinic,08/03/2016,09/11/2016
"Wheeler & Egger, CPAs, LLP","08/04/2016, 08/09/2016",09/11/2016
"Pratap S. Kurra, M.D.",08/08/2016,09/11/2016
Rebecca Minkoff,n/a,09/09/2016
Noble House Hotels & Resorts,"04/25/2016, 08/05/2016",09/02/2016
"M Holdings Securities, Inc.",07/29/2016,08/31/2016
"Kimpton Hotels & Restaurants Group, LLC",02/16/2016,08/31/2016
Jerry's Artarama N.C. Inc.,"05/03/2016, 07/10/2016",08/30/2016
Toyota Motor Credit Corporation,06/28/2016,08/26/2016
County of Sacramento,08/08/2015,08/26/2016
Dominican Hospital,"07/16/2015, 07/28/2016",08/22/2016
SCAN Health Plan,03/04/2016,08/22/2016
"Schwan's Home Service, Inc.",10/09/2015,08/22/2016
Symphonix Health,05/21/2016,08/19/2016
"Eddie Bauer, LLC","01/02/2016, 07/17/2016",08/18/2016
"Newkirk Products, Inc.",05/21/2016,08/18/2016
John E. Gonzalez DDS,07/25/2016,08/14/2016
"Valley Anesthesiology Consultants, Inc. d/b/a Valley Anesthesiology and Pain Consultants",03/30/2016,08/12/2016
"Bon Secours Health System, Inc.",04/18/2016,08/12/2016
HEI Hotels & Resorts,"03/02/2015, 06/21/2016",08/12/2016
"PAX Labs, Inc.","06/25/2016, 07/22/2016",08/12/2016
"NLU Products, LLC","04/20/2015, 06/23/2016",08/10/2016
"Brian Goldman, MD A Medical Corporation",07/19/2016,08/09/2016
"7-Eleven, Inc.",06/13/2016,08/09/2016
Multi-Color Corporation,"05/14/2016, 05/15/2016",08/05/2016
Banner Health,"06/17/2016, 07/07/2016",08/03/2016
Disney Consumer Products and Interactive Media (DCPI),"07/09/2016, 07/12/2016",07/30/2016
"inVentiv Health, Inc.",06/02/2016,07/21/2016
Discover Financial Services,07/31/2015,07/20/2016
Discover Financial Services,06/19/2014,07/20/2016
"CiCi Enterprises, LP","06/30/2015, 07/19/2016",07/20/2016
San Antonio Shoemakers,"04/21/2016, 06/13/2016",07/19/2016
Eastbay Equities,"12/02/2015, 05/18/2016",07/15/2016
"Matador Recordings, LLC (d/b/a “Matador Direct”)",04/28/2015,07/15/2016
Opes Advisors,05/26/2016,07/14/2016
Project Management Institute,"04/23/2016, 04/24/2016",07/14/2016
Kaiser Permanente Northern California,"06/06/2010, 05/19/2016",07/12/2016
"University of Southern California, on behalf of KUSC",n/a,07/11/2016
Omni Hotels & Resorts,12/23/2015,07/08/2016
"Wendy's of Fresno, Inc.","12/02/2015, 06/08/2016",07/07/2016
Wencom LLC,"01/13/2016, 06/08/2016",07/07/2016
Ronald L. Ross,"01/13/2016, 06/08/2016",07/07/2016
"RDR Foods, Inc.","01/13/2016, 06/08/2016",07/07/2016
Pirthipal Dhillon,"12/02/2015, 06/08/2016",07/07/2016
"Peninsula Foods, L.P.","12/02/2015, 06/08/2016",07/07/2016
Gil Moore Oil Company,"12/02/2015, 06/08/2016",07/07/2016
"Desmond Foods, L.P.","12/02/2015, 06/08/2016",07/07/2016
Dependable Foods,"12/02/2015, 06/08/2016",07/07/2016
"Cotti Foods California, Inc.","12/02/2015, 06/28/2016",07/07/2016
"BMP/Pennant Holdings, LLC","01/13/2016, 06/08/2016",07/07/2016
Amaash Corporation,"12/02/2015, 06/08/2016",07/07/2016
CDCR - California Health Care Facility,05/02/2016,07/06/2016
"KontrolFreek, LLC",n/a,06/30/2016
Kool Kids Model & Talent Management,02/16/2016,06/30/2016
VerticalScope Inc.,n/a,06/29/2016
Noodles & Company,"01/31/2016, 06/02/2016",06/28/2016
Hard Rock Hotel & Casino Las Vegas,10/27/2015,06/27/2016
Mercy Medical Center Redding,"06/01/2016, 06/13/2016",06/24/2016
Discover Financial Services,n/a,06/17/2016
Discover Financial Services,01/01/2014,06/17/2016
Multi-Color Corporation,"05/15/2016, 05/14/2016",06/16/2016
University of Connecticut,09/24/2016,06/14/2016
Acer Service Corporation,05/12/2015,06/14/2016
Stanford University,n/a,06/13/2016
Momentum for Mental Health,06/03/2016,06/13/2016
MEI-GSR,"02/19/2014, 03/13/2014, 03/20/2015, 08/06/2015",06/13/2016
"State Farm Mutual Automobile Insurance Companies, its affilitates and subsidiaries",08/07/2014,06/07/2016
"Empathia, Inc.",n/a,06/06/2016
Myspace LLC,n/a,06/03/2016
LinkedIn Corporation,05/17/2016,06/02/2016
Verity Health System,04/27/2016,05/31/2016
"A&A Ready Mixed Concrete, Inc.",05/16/2016,05/24/2016
Berkeley Endocrine Clinic,04/22/2016,05/23/2016
The Paper Works,03/30/2016,05/18/2016
Flurish Inc. dba LendUp,n/a,05/16/2016
Solano Community College,04/28/2016,05/16/2016
"Zocdoc, Inc.",06/15/2011,05/16/2016
California Correctional Health Care Services,02/25/2016,05/15/2016
"Imperial Valley Family Care Medical Group, APC",03/21/2016,05/13/2016
City College of San Francisco,n/a,05/13/2016
"Lynn N. Talbott, Jr., CPA, CVA",04/19/2016,05/11/2016
"Hi Tec Sports USA, Inc",01/24/2016,05/11/2016
San Mateo Foster City School District,n/a,05/11/2016
Google Inc.,03/29/2016,05/06/2016
"Stonebridge Realty Advisors, Inc.","11/08/2015, 03/26/2016",05/06/2016
Bay Area Children's Association,01/15/2015,05/05/2016
CertifiKid LLC,"01/25/2016, 03/19/2016",05/05/2016
Saint Agnes Medical Center,05/02/2016,05/05/2016
California State University Northridge,n/a,05/05/2016
Hume Lake Christian Camps,"02/29/2016, 03/04/2016",05/05/2016
Tribune Media,04/04/2016,05/04/2016
Areas,"04/04/2016, 04/29/2016",05/04/2016
"Ken Waterman CPA, PC",03/27/2016,05/03/2016
"Charles Schwab & Co., Inc.",n/a,05/03/2016
"Lafler Moore Connerty & Webb, LLC","03/11/2016, 01/27/2016",05/03/2016
"Advance International Marketing, Inc.",04/04/2016,04/26/2016
"LuckyPet, Inc.",10/15/2015,04/26/2016
Berkeley Unified School District,04/11/2016,04/22/2016
"Voya Financial Advisors, Inc.",04/13/2016,04/21/2016
"U Gym, LLC",04/04/2016,04/20/2016
"dōTERRA International, LLC",n/a,04/18/2016
Academy of Art Unversity,03/04/2016,04/13/2016
"Bristol Farms, Inc.",03/30/2016,04/11/2016
Staminus Communications,03/10/2016,04/11/2016
Schwaab. Inc.,"01/22/2014, 08/21/2015, 11/30/2015, 02/04/2016",04/11/2016
OptumRx,03/16/2016,04/08/2016
"Essex Property Trust, Inc.",03/17/2016,04/07/2016
"The Whiting-Turner Contracting Company (""Whiting-Turner"")",03/08/2016,04/06/2016
Katherman Kitts & Co. LLP,02/25/2016,04/05/2016
"Pivotal Software, Inc.",03/22/2016,03/30/2016
Ullrich Delevati CPAs,n/a,03/28/2016
Sprouts Farmers Market,03/14/2016,03/28/2016
Aspiranet,03/21/2016,03/25/2016
"American Express Travel Related Services Company, Inc and /or its Affiliates (“AXP”)",n/a,03/24/2016
Lamps Plus and Pacific Coast Lighting,02/11/2016,03/23/2016
Discover Financial Services,08/02/2015,03/21/2016
Discover Financial Services,02/19/2014,03/21/2016
"Laz Karp Associates, LLC",02/17/2016,03/21/2016
"PerkinElmer, Inc.",02/24/2016,03/16/2016
"Advance Auto Parts, Inc",03/07/2016,03/16/2016
"Laborers Funds Administrative Office of Northern California, Inc.",02/17/2016,03/15/2016
Bailey's Inc,01/01/2013,03/14/2016
"Mitchell International, Inc.",02/24/2016,03/14/2016
Sequoia Union High School District,02/03/2016,03/11/2016
"American Express Travel Related Services Company, Inc and /or its Affiliates (“AXP”)",12/07/2013,03/10/2016
"Seagate US, LLC",03/01/2016,03/09/2016
1-800-Flowers.com,02/15/2016,03/08/2016
Billy Casper Golf,02/26/2016,03/08/2016
Turner Construction Company,03/02/2016,03/07/2016
"Snapchat, Inc.",02/26/2016,03/04/2016
21st Century Oncology,n/a,03/04/2016
Rosen Hotels & Resorts,09/02/2014,03/04/2016
Central Concrete Supply Co. Inc.,02/23/2016,03/01/2016
TN Marketing,11/24/2015,02/29/2016
"University of California, Berkeley (The Regents of the University of California)",12/28/2015,02/26/2016
"Mercy Housing, Inc., Mercy Housing Management Group, Inc.",02/19/2016,02/25/2016
Superior Labels,11/03/2015,02/25/2016
"American Express Travel Related Services Company, Inc and /or its Affiliates (“AXP”)",n/a,02/23/2016
"Incipio, LLC","09/16/2015, 01/29/2016",02/22/2016
"American Express Travel Related Services Company, Inc and /or its Affiliates (“AXP”)",n/a,02/22/2016
Calpine Corporation,02/09/2016,02/16/2016
"Alliance Health Networks, LLC",n/a,02/15/2016
Magnolia Health Corporation,02/03/2016,02/12/2016
"The Brickman Group, Ltd. LLC",02/03/2016,02/10/2016
"Baja Bound Insurance Services, Inc.",12/16/2015,02/08/2016
University of Central Florida,"12/30/2015, 01/06/2016",02/05/2016
"Gyft, Inc.",10/03/2015,02/05/2016
IATSE Local 134,01/04/2016,02/01/2016
TaxSlayer,"10/10/2015, 12/21/2015",01/29/2016
"Landry’s, Inc., Golden Nugget Atlantic City, LLC, Golden Nugget Lake Charles, LLC, GNL Corp., GNLV Corp., and Riverboat Corporation of Mississippi","05/04/2014, 12/03/2015",01/29/2016
Neiman Marcus Group LTD LLC,12/26/2015,01/29/2016
"American Express Travel Related Services Company, Inc and /or its Affiliates (“AXP”)",06/02/2014,01/28/2016
"American Express Travel Related Services Company, Inc and /or its Affiliates (“AXP”)",04/23/2015,01/27/2016
County of San Diego,12/17/2015,01/26/2016
"American Express Travel Related Services Company, Inc and /or its Affiliates (“AXP”)",11/20/2014,01/26/2016
"American Express Travel Related Services Company, Inc and /or its Affiliates (“AXP”)",09/23/2015,01/26/2016
HealthEquity,12/11/2015,01/25/2016
"RealSelf, Inc.",12/25/2015,01/25/2016
California Virtual Academies,12/09/2015,01/25/2016
"Kicky Pants, Inc.","08/26/2015, 12/26/2015",01/21/2016
Hyatt Hotels Corporation,08/13/2015,01/14/2016
Blue Shield of California,"09/15/2015, 12/17/2015",01/14/2016
"HSBC Bank USA, National Association","12/07/2015, 12/08/2015",01/13/2016
RateMyProfessors.com LLC,11/26/2015,01/12/2016
"JB Autosports, Inc.","08/01/2015, 11/09/2015",01/12/2016
"Blucora, Inc.",11/10/2015,01/12/2016
"American Express Travel Related Services Company, Inc and /or its Affiliates (“AXP”)",12/21/2014,01/08/2016
"American Express Travel Related Services Company, Inc and /or its Affiliates (“AXP”)",03/22/2015,01/07/2016
"American Express Travel Related Services Company, Inc and /or its Affiliates (“AXP”)",10/18/2014,01/07/2016
Hillsides,"10/10/2014, 11/24/2014, 09/11/2015, 10/19/2015",12/31/2015
Washington Township Health Care District,n/a,12/28/2015
"Matson Navigation Company, Inc.",n/a,12/23/2015
Acclaim Technical Services,08/26/2015,12/23/2015
"Dungarees, LLC",10/15/2015,12/22/2015
"American Express Travel Related Services Company, Inc and /or its Affiliates (“AXP”)",08/07/2014,12/22/2015
"VTech Electronics North America, LLC",11/14/2015,12/22/2015
CBC Restaurant Corporation,n/a,12/18/2015
Toyota Motor Credit Corporation,08/05/2015,12/15/2015
"Sorrento Pacific Financial, LLC",n/a,12/14/2015
TuneCore,n/a,12/11/2015
CM Ebar LLC,08/12/2015,12/10/2015
"George Hills Company, Inc.",09/03/2015,12/08/2015
MUJI U.S.A. LIMITED,n/a,12/07/2015
Holly A Nordhues CPA,n/a,12/02/2015
Keenan & Associates,10/09/2015,12/01/2015
Cottage Health,"10/26/2015, 11/08/2015",12/01/2015
"Hilton Worldwide, Inc.","11/18/2014, 04/21/2015",11/24/2015
"Starwood Hotels & Resorts Worldwide, Inc.",n/a,11/20/2015
"W.W. Grainger, Inc.",n/a,11/18/2015
"B. Lane, Inc., a Delaware corporation d/b/a Fashion to Figure",05/19/2015,11/13/2015
Noble House Hotels and Resorts,"12/29/2014, 08/11/2015",11/13/2015
"American Express Travel Related Services Company, Inc and /or its Affiliates (“AXP”)",04/29/2014,11/12/2015
"American Express Travel Related Services Company, Inc and /or its Affiliates (“AXP”)",05/05/2008,11/12/2015
CSAC-EXCESS INSURANCE AUTHORITY,09/03/2015,11/10/2015
California Department of Motor Vehicle (CA DMV),09/28/2015,11/06/2015
Avis Budget Group,10/02/2015,11/04/2015
Accuform Signs,06/30/2015,11/02/2015
STILETTO Solutions,09/16/2015,10/29/2015
"Digital Theatre, LLC","04/19/2015, 09/30/2015",10/28/2015
American Bankers Association,09/16/2015,10/22/2015
Noble House Hotel and Resorts,"01/28/2015, 08/03/2015",10/22/2015
Community Catalysts of California,08/31/2015,10/16/2015
"NextBus, Inc.",n/a,10/16/2015
"Scripps Networks, LLC",08/08/2015,10/16/2015
"Peppermill Casinos, Inc.","10/12/2014, 02/16/2015",10/13/2015
"Service Systems Associates, Inc.","03/24/2015, 05/20/2015",10/13/2015
Vacaville Housing Authority,08/24/2015,10/09/2015
GlamGlow LLC,"05/18/2014, 05/20/2015",10/08/2015
"Samela, Inc. d/b/a NorthShore Care Supply",06/07/2015,10/08/2015
Scottrade,n/a,10/01/2015
"Schwab Retirement Plan Services, Inc.",08/25/2015,10/01/2015
"T-Mobile USA, Inc.",09/14/2015,10/01/2015
Trump Hotel Collection,"05/19/2014, 06/02/2015",09/25/2015
"American Express Travel Related Services Company, Inc and /or its Affiliates (“AXP”)",05/19/2014,09/25/2015
Silverberg Surgical and Medical Group,09/10/2013,09/25/2015
Costco Photo Center,06/19/2014,09/23/2015
Rite Aid Corporation,n/a,09/22/2015
Kindred Transitional Care and Rehabilitation – Lawton,08/31/2015,09/22/2015
"Molina Healthcare of California, Inc.",03/26/2015,09/18/2015
"T-Bird Restaurant Group, Inc.",08/06/2015,09/17/2015
"James R. Glidewell, Dental Ceramics, Inc. and its subsidiaries",02/28/2015,09/14/2015
"YapStone, Inc.",07/15/2014,09/11/2015
Sutter Medical Foundation,04/26/2013,09/11/2015
"CVS Pharmacy, Inc.","06/19/2014, 07/14/2015",09/11/2015
"The Lifetime Healthcare Companies, including its affiliates Excellus BlueCross BlueShield, Lifetime Health Medical Group, Lifetime Benefit Solutions, Lifetime Care, The MedAmerica Companies, and Univera Healthcare",12/23/2013,09/09/2015
"American Express Travel Related Services Company, Inc and /or its Affiliates (“AXP”)",12/30/2014,09/08/2015
We End Violence LLC,n/a,09/04/2015
eMinor Incorporated d/b/a/ ReverbNation,01/31/2014,09/02/2015
University of California at Los Angeles,07/03/2015,09/01/2015
"American Express Travel Related Services Company, Inc and /or its Affiliates (“AXP”)",n/a,08/28/2015
"American Express Travel Related Services Company, Inc and /or its Affiliates (“AXP”)",04/12/2014,08/26/2015
"ROBERT SOPER, M.D.",06/27/2015,08/26/2015
"M&M Automotive Group, Inc.",07/27/2015,08/21/2015
Buyers Protection Group,07/19/2015,08/20/2015
Sterling M Enterprises (dba Lee's Deli),11/03/2014,08/14/2015
Internet Corporation for Assigned Names and Numbers - ICANN,07/31/2015,08/12/2015
Nationstar Mortgage LLC,07/27/2015,08/12/2015
SterlingBackcheck,05/29/2015,08/07/2015
WP Technology Inc. d/b/a Wattpad,05/29/2015,08/06/2015
"Mama Mio US, Inc.",04/28/2015,08/04/2015
"orlantino dyoco, M.D.",06/03/2015,08/03/2015
North East Medical Services,07/11/2015,07/31/2015
Orange County Employees Association,06/05/2015,07/31/2015
East Bay Perinatal Medical Associates,06/01/2015,07/29/2015
Golden 1 Credit Union,"04/07/2015, 06/17/2015",07/27/2015
"American Express Travel Related Services Company, Inc and /or its Affiliates (“AXP”)",02/01/2015,07/27/2015
"HSBC Bank USA, National Association",06/19/2015,07/24/2015
"American Express Travel Related Services Company, Inc and /or its Affiliates (“AXP”)",01/20/2015,07/24/2015
"American Express Travel Related Services Company, Inc and /or its Affiliates (“AXP”)",n/a,07/22/2015
"American Express Travel Related Services Company, Inc and /or its Affiliates (“AXP”)",02/15/2011,07/21/2015
"Atkinson, Andelson, Loya, Ruud & Romo",04/23/2015,07/21/2015
UCLA Health,09/21/2014,07/17/2015
"Insurance Services Office, Inc.",n/a,07/13/2015
California Department of Corrections and Rehabilitation,n/a,07/13/2015
"New Horizons Computer Learning Centers, Inc.",04/04/2015,07/10/2015
Mandarin Oriental,06/18/2014,07/10/2015
AeroGrow International,"05/13/2015, 06/10/2015",07/09/2015
Evans Hotels,09/01/2014,07/08/2015
"Automotive Recovery Services, Inc.",01/12/2015,07/06/2015
Bonita Unified School District,06/02/2015,07/01/2015
Discover Financial Services,04/10/2014,06/26/2015
"Medical Informatics Engineering and NoMoreClipboard, a wholly owned subsidiary of Medical Informatics Engineering",05/07/2015,06/26/2015
Bank of Manhattan—Mortgage Lending,06/12/2015,06/25/2015
Summit Financial Group,"01/01/2015, 02/15/2015",06/22/2015
Trustmark Mutual Holding Company,05/13/2015,06/22/2015
"Dungarees, LLC","03/26/2015, 06/05/2015",06/19/2015
Summers Estate Wines,n/a,06/18/2015
Spring Mountain Vineyard,n/a,06/18/2015
Silverado Vineyards,n/a,06/18/2015
Signorello Estate,n/a,06/18/2015
Round Pond Estates,n/a,06/18/2015
"Montefiore Health System, The University Hospital for Albert Einstein College of Medicine",01/01/2013,06/18/2015
Rhys Vineyards,n/a,06/18/2015
Repris Vineyards,n/a,06/18/2015
Pride Mountain Vineyards,n/a,06/18/2015
Palmaz Vineyards,n/a,06/18/2015
Outpost Vineyards,n/a,06/18/2015
Martinelli Winery,n/a,06/18/2015
Larkmead Vineyards Vinter and Grower,n/a,06/18/2015
Jessup Cellars dba The Good Life Wine Collective,n/a,06/18/2015
Heitz Wine Cellars,n/a,06/18/2015
Gemstone Vineyards,n/a,06/18/2015
Flora Springs Winery & Vineyards,n/a,06/18/2015
Charles Krug Winery (C. Mondavi & Family),n/a,06/18/2015
Corison Winery,n/a,06/18/2015
Cain Vineyard and Winery,n/a,06/18/2015
University of California Irvine Medical Center,"06/22/2011, 03/06/2015",06/17/2015
Peter Michael Winery,04/12/2015,06/12/2015
San Luis Obispo County Community College District,05/31/2015,06/12/2015
"Rombauer Vineyards, Inc.",n/a,06/11/2015
Turley Wine Cellars,"04/01/2015, 04/30/2015",06/10/2015
"Clif Bar Family Winery & Farm, LLC",04/01/2015,06/10/2015
"ADP, LLC","04/07/2015, 05/18/2015",06/08/2015
"California Physicians’ Service, d/b/a Blue Shield of California",05/09/2015,06/05/2015
"Gallant Risk & Insurance Services, Inc.",04/04/2015,06/03/2015
AeroGrow International,"10/15/2014, 04/27/2015",06/03/2015
The Wonderful Company LLC (formerly Roll Global LLC),02/27/2015,06/01/2015
"Green Tree Servicing, LLC",09/17/2013,06/01/2015
YP Holdings,n/a,06/01/2015
U.S. HealthWorks,04/22/2015,05/29/2015
Beacon Health System,"11/19/2013, 01/26/2015",05/29/2015
"Sally Beauty Holdings, Inc.","03/06/2015, 04/17/2015",05/28/2015
"Heartland Payroll Solutions, Inc.",02/22/2015,05/28/2015
Copart Inc.,03/31/2015,05/27/2015
"American Express Travel Related Services Company, Inc and /or its Affiliates (“AXP”)",n/a,05/27/2015
"Blue Spring Partners, LLC",04/25/2015,05/21/2015
CareFirst BlueCross Blueshield,06/19/2014,05/20/2015
"Sharon J. Jones, M.D.",03/20/2015,05/19/2015
"The Pennsylvania State University, College of Engineering","09/04/2012, 07/25/2014",05/18/2015
Honig's Whistlestop Inc.,"03/08/2015, 04/10/2015",05/11/2015
Longwood Management Corporation,02/11/2015,05/11/2015
"American Express Travel Related Services Company, Inc and /or its Affiliates (“AXP”)",n/a,05/05/2015
"American Express Travel Related Services Company, Inc and /or its Affiliates (“AXP”)",11/02/2014,05/01/2015
Hard Rock Hotel & Casino,"09/03/2014, 04/02/2015",04/30/2015
"University of California, Berkeley","12/21/2014, 02/19/2015",04/30/2015
"American Express Travel Related Services Company, Inc and /or its Affiliates (“AXP”)",12/01/2014,04/30/2015
County of Los Angeles,n/a,04/29/2015
"Consolidated Tribal Health Project, Inc.",04/28/2015,04/28/2015
"Compass Group USA, Inc.",02/02/2015,04/27/2015
"American Express Travel Related Services Company, Inc and /or its Affiliates (“AXP”)",04/14/2014,04/27/2015
"International Coffee & Tea, LLC",01/27/2015,04/27/2015
Stater Bros. Markets,"03/05/2015, 03/29/2015",04/24/2015
AT&T,n/a,04/23/2015
"Freedom Smokes, Inc.",02/11/2015,04/22/2015
Epic Foods dba Bistro Burger (Market Street),01/04/2015,04/21/2015
Abbott Laboratories,12/01/2014,04/17/2015
American Sleep Medicine,n/a,04/16/2015
"Homebridge, Inc.",01/24/2015,04/13/2015
Stanislaus Surgical Hospital,04/05/2015,04/13/2015
Kellogg & Andelson Global Management,n/a,04/10/2015
HSBC Finance Corporation on behalf of its subsidiaries,n/a,04/10/2015
"University of California, Riverside",03/13/2015,04/10/2015
Cement Masons Southern California Health and Welfare Trust Fund,n/a,04/08/2015
Intuit,"02/01/2014, 02/27/2015",04/06/2015
Tulare County Health & Human Services Agency,03/19/2015,04/06/2015
"SRI, INC.","12/01/2014, 03/13/2015",04/02/2015
Auburn University,09/01/2014,04/02/2015
California Department of Business Oversight,01/05/2015,04/02/2015
"American Express Travel Related Services Company, Inc and /or its Affiliates (“AXP”)",n/a,04/01/2015
Weyerhaeuser Company,05/01/2014,03/31/2015
"Nite Ize, Inc.",03/03/2015,03/27/2015
Advantage Consolidated LLC,02/23/2015,03/23/2015
OneStopParking,"08/01/2014, 12/31/2014",03/17/2015
"SVC-West, LLC",01/06/2015,03/17/2015
"Premera Blue Cross, including Academe, Inc. (formerly known as LifeWise Health Plan of Arizona, Inc.), Connexion Insurance Solutions, Inc., Life Wise Health Plan of Washington, Life Wise Health Plan of Oregon, Inc., LifeWise Assurance Company, Vivacity",n/a,03/17/2015
Apple America Group LLC,03/03/2015,03/16/2015
"Mark Riley, Inc., abd E. K. and Company",01/19/2015,03/16/2015
Providence Saint Joseph Medical Center,11/01/2014,03/11/2015
The Painted Turtle,n/a,03/11/2015
"Bistro Burger, Inc.","10/02/2014, 12/04/2014",03/09/2015
Valley Community Healthcare,02/24/2015,03/09/2015
"Ziprick & Cramer, LLP",01/25/2015,03/02/2015
Perspectives,09/08/2014,03/02/2015
"Toys ""R"" Us-Delaware, Inc.","01/28/2015, 01/29/2015, 01/30/2015",02/27/2015
Piedmont Advantage Credit Union,01/31/2015,02/27/2015
"Uber Technologies, Inc.",05/13/2014,02/27/2015
Bulk Reef Supply,07/30/2014,02/27/2015
"CP Franchising, LLC",01/30/2015,02/25/2015
"Lime Crime, Inc.",10/04/2014,02/24/2015
"American Apparel, Inc",12/10/2014,02/20/2015
Cathrine Steinborn DDS,01/05/2015,02/20/2015
Big Fish Games,n/a,02/13/2015
Liberty Tax Service,02/01/2015,02/13/2015
"Anthem, Inc.",n/a,02/13/2015
"Packers Sanitation Services, Inc. Ltd.",02/05/2015,02/10/2015
Kings County Office of Education,n/a,02/09/2015
"Phoenix House Foundation, Inc. and its affiliates",12/19/2014,02/05/2015
"CICS Employment Services, Inc.",n/a,01/30/2015
Riverside County Regional Medical Center (RCRMC),11/26/2014,01/29/2015
California Pacific Medical Center,"10/15/2013, 10/15/2014",01/23/2015
Barbecue Renew Inc.,"01/19/2014, 04/01/2014, 07/05/2014",01/16/2015
"American Express Travel Related Services Company, Inc and /or its Affiliates (“AXP”)",n/a,01/15/2015
OppenheimerFunds,04/24/2014,01/15/2015
"American Airlines, Inc.",12/30/2014,01/15/2015
"Piech Sales Company, LLC dba ValuePetSupplies.com","11/25/2014, 12/29/2014",01/14/2015
Park 'N Fly,n/a,01/13/2015
"Law Offices of David A. Krausz, P.C.",01/05/2015,01/12/2015
Inland Empire Health Plan (IEHP),10/28/2014,01/09/2015
United Airlines,n/a,01/06/2015
"Fast Forward Academy, LLC",n/a,01/02/2015
La Jolla Group,"11/30/2014, 12/03/2014",12/31/2014
"Physicians Skin and Weight Centers, Inc.",11/04/2014,12/26/2014
"Empi, Inc./DJO, LLC",11/07/2014,12/26/2014
Lokai Holdings LLC,06/27/2014,12/24/2014
"Corday Productions, Inc.",n/a,12/24/2014
Public Architecture,n/a,12/23/2014
"Rob Kirby, CPA",12/19/2014,12/23/2014
DutchWear,11/07/2014,12/23/2014
Nvidia Corporation,10/08/2014,12/22/2014
Quest Diagnostics,11/17/2014,12/19/2014
Mercy Medical Center Redding Oncology Clinic,06/01/2014,12/19/2014
"Staples, Inc.",08/10/2014,12/19/2014
"American Express Travel Related Services Company, Inc and /or its Affiliates (“AXP”)",n/a,12/19/2014
"American Express Travel Related Services Company, Inc and /or its Affiliates (“AXP”)",07/11/2011,12/19/2014
"IDParts, LLC",n/a,12/19/2014
Harmonic Inc.,10/17/2014,12/18/2014
Point Loma Nazarene University,"10/07/2014, 10/20/2014",12/15/2014
"University of California, Berkeley",09/16/2014,12/12/2014
"Acosta, Inc. and its subsidiaries, including Mosaic Sales Solutions US Operating Co. LLC",11/10/2014,12/12/2014
ABM Parking Services,"09/29/2014, 11/18/2014",12/12/2014
"Sony Pictures Entertainment Inc. (""SPE)",11/24/2014,12/11/2014
EMCOR Services Mesa Energy Systems,"11/25/2014, 11/24/2014",12/11/2014
"bebe stores, inc.",11/08/2014,12/05/2014
"American Residuals and Talen, Inc. (""ART"")",10/18/2014,12/01/2014
"Shutterfly, Inc.",n/a,11/26/2014
"Godiva Chocolatier, Inc.",10/16/2014,11/25/2014
State Compensation Insurance Fund,n/a,11/25/2014
REEVE-WOODS EYE CENTER,n/a,11/14/2014
"American Express Travel Related Services Company, Inc and /or its Affiliates (“AXP”)",n/a,11/07/2014
Palm Springs Federal Credit Union,10/20/2014,11/03/2014
"US Investigations Services, LLC",n/a,10/29/2014
East West Bank-CA Impacted Customers-Kmart Data Breach,"09/01/2014, 10/09/2014",10/27/2014
"Fidelity National Financial, Inc.","04/14/2014, 04/16/2014",10/24/2014
"American Soccer Company, Inc.",09/04/2014,10/23/2014
"Reeves International, Inc.",03/31/2013,10/23/2014
"Sourcebooks, Inc.",04/16/2014,10/17/2014
"Cyberswim, Inc.",05/12/2014,10/14/2014
University of California Davis Medical Center,09/25/2014,10/13/2014
SAUSALITO YACHT CLUB,09/30/2014,10/10/2014
"International Dairy Queen, Inc. (“IDQ”) on behalf of 9 Dairy Queen franchise locations in California listed in the attached addendum.",n/a,10/09/2014
"Evolution Nature Corp. d/b/a The Evolution Store (Evolution"")",n/a,10/09/2014
"Touchstone Medical Imaging, LLC",05/09/2014,10/03/2014
East West Bank,"06/22/2014, 09/17/2014",10/02/2014
Community Technology Alliance,07/28/2014,10/02/2014
East West Bank,"04/11/2014, 09/07/2014",10/02/2014
"American Express Travel Related Services Company, Inc and /or its Affiliates (“AXP”)",06/13/2013,10/01/2014
"Flinn Scientific, Inc.","05/02/2014, 09/08/2014",10/01/2014
Albertson's LLC,n/a,09/29/2014
Bay Area Bioscience Association,n/a,09/26/2014
"Pacific Biosciences of California, Inc.",09/16/2014,09/25/2014
Jimmy John's Franchises LLC,06/16/2014,09/24/2014
"American Express Travel Related Services Company, Inc and /or its Affiliates (“AXP”)",n/a,09/24/2014
Viator,n/a,09/22/2014
Tim McCoy & Associates (DBA NEAT Management Group),08/27/2014,09/15/2014
"County of Napa, Health and Human Services Agency, Comprehensive Services for Older Adults",08/27/2014,09/12/2014
Cedars-Sinai Health System,06/23/2014,09/10/2014
"The Home Depot, Inc.",n/a,09/09/2014
Yandy.com,"05/28/2014, 07/20/2014, 08/13/2014, 08/18/2014",09/08/2014
"California State University, East Bay",08/23/2013,09/05/2014
J.P. Morgan Corporate Challenge,n/a,09/05/2014
"Goodwill Industries of Sacramento Valley and Northern Nevada, Inc.",n/a,09/02/2014
AltaMed Health Services Corporation,n/a,08/29/2014
Bartell Hotels,"02/16/2014, 05/13/2014",08/29/2014
Department of Social Services,07/16/2014,08/29/2014
ClamCase LLC,n/a,08/28/2014
"American Express Travel Related Services Company, Inc and /or its Affiliates (“AXP”)",n/a,08/27/2014
Imhoff and Associates,06/27/2014,08/26/2014
Geekface LLC,08/05/2014,08/26/2014
Cedars-Sinai Health System,06/23/2014,08/22/2014
"Ascensus, Inc",07/29/2014,08/21/2014
Community Health Systems Professional Services Corporation,"04/10/2014, 06/24/2014",08/20/2014
"The UPS Store, Inc. on behalf of 51 franchised center locations",01/20/2014,08/20/2014
"MEETME, INC.",08/05/2014,08/18/2014
Albertson's LLC,"06/22/2014, 07/17/2014",08/18/2014
"Freedom Management Group, LLC dba The Natural",04/22/2014,08/12/2014
San Mateo Medical Center,12/05/2013,08/07/2014
"American Express Travel Related Services Company, Inc and /or its Affiliates (“AXP”)",03/13/2011,08/07/2014
Anderson & Murison,"06/01/2014, 07/18/2014",08/07/2014
University of California Santa Barbara,11/01/2013,08/07/2014
"American Express Travel Related Services Company, Inc and /or its Affiliates (“AXP”)",07/06/2013,08/06/2014
"Vibram USA, Inc.","06/06/2014, 07/07/2014",08/05/2014
P.F. Chang's China Bistro,10/19/2013,08/04/2014
"American Express Travel Related Services Company, Inc and /or its Affiliates (“AXP”)",n/a,08/04/2014
"Test Effects, LLC","12/24/2013, 01/19/2014",08/04/2014
Recreational Equipment Inc.,07/04/2014,07/31/2014
Mount Olympus Mortgage Company,04/28/2014,07/30/2014
"Lasko Group, Inc.","12/27/2011, 07/02/2014",07/30/2014
Northern Trust,05/17/2014,07/29/2014
Backcountry Gear,04/27/2014,07/28/2014
"Managed Med, A Psychological Corporation",03/01/2013,07/25/2014
"American Express Travel Related Services Company, Inc and /or its Affiliates (“AXP”)",n/a,07/25/2014
"American Express Travel Related Services Company, Inc and /or its Affiliates (“AXP”)",n/a,07/17/2014
Bay Area Pain Medical Associates,05/19/2014,07/16/2014
Bank of the West,n/a,07/16/2014
City of Encinitas 7 San Dieguito Water District,"05/13/2014, 07/03/2014",07/15/2014
Atlantic Automotive Corporation d/b/a MileOne,03/05/2014,07/15/2014
Department of Managed Health Care,05/16/2014,07/11/2014
AECOM Technology Corporation,n/a,07/08/2014
Heartland Automotive Services Inc.,06/24/2014,07/08/2014
Blue Shield of California,"02/28/2013, 03/31/2013, 04/30/2013",07/03/2014
"Watermark Retirement Communities, Inc.",06/13/2014,07/03/2014
Black Mountain Software,"05/30/2014, 06/02/2014, 06/05/2014, 06/07/2014, 06/08/2014, 06/09/2014, 06/13/2014, 05/30/2014, 06/11/2014, 06/10/2014",07/03/2014
Benjamin F. Edwards & Co.,05/24/2014,06/27/2014
Record Assist LLC,05/28/2014,06/26/2014
"Sterne, Agee & Leach, Inc.",05/29/2014,06/26/2014
Butler University,"11/01/2013, 05/28/2014",06/26/2014
Riverside County Regional Medical Center,06/17/2014,06/24/2014
Rady Children's Hospital-San Diego,"06/06/2014, 11/30/2009, 11/30/2010, 11/30/2011",06/20/2014
"University of California, Washington Center (UCDC)",06/07/2014,06/20/2014
"The Metropolitan Companies, Inc.",04/21/2014,06/18/2014
"American Express Travel Related Services Company, Inc and/or its Affiliates (""AXP"")",03/08/2013,06/17/2014
"American Express Travel Related Services Company, Inc and /or its Affiliates (“AXP”)",03/08/2013,06/16/2014
SafetyFirst,09/27/2013,06/13/2014
Riverside Community College District,05/30/2014,06/13/2014
"Fidelity National Financial, Inc.","07/01/2013, 11/01/2013",06/13/2014
Santa Rosa Memorial Hospital,06/02/2014,06/12/2014
The Union Labor Life Insurance Company,02/17/2014,06/12/2014
Stanford Federal Credit Union,04/30/2014,06/11/2014
"AT&T Mobility, LLC","04/09/2014, 04/21/2014",06/10/2014
College of the Desert,06/05/2014,06/09/2014
"National Credit Adjusters, LLC",n/a,06/04/2014
Craftsman Book Company,03/09/2014,06/03/2014
"American Express Travel Related Services Company, Inc and /or its Affiliates (“AXP”)",06/13/2012,06/02/2014
"American Express Travel Related Services Company, Inc. and /or its Affiliates (“AXP”)",n/a,05/29/2014
SHARPER FUTURE,03/29/2014,05/28/2014
San Diego State University,n/a,05/22/2014
"Paytime Harrisburg Inc. d/b/a Paytime, Inc.",04/07/2014,05/21/2014
Affinity Gaming,"12/07/2013, 04/28/2014",05/19/2014
"Lowe's Companies, Inc.","07/01/2013, 04/02/2014",05/19/2014
University of California Irvine,"02/14/2014, 03/13/2014, 03/22/2014, 03/27/2014",05/14/2014
Gingerbread Shed Corporation,"11/25/2013, 02/17/2014",05/07/2014
Green's Accounting,04/06/2014,05/07/2014
Department of Child Support Services,04/07/2014,05/06/2014
ground(ctrl),03/08/2014,05/05/2014
"JCM Partners, LLC",n/a,05/01/2014
Boomerang Tags,07/04/2013,04/30/2014
"Snelling Staffing, LLC",01/20/2014,04/22/2014
"NCO Financial Systems, Inc.",03/29/2014,04/22/2014
LaCie USA,03/27/2013,04/11/2014
Veterans of Foreign Wars of the United States,02/12/2014,04/11/2014
Deltek Inc.,"07/13/2013, 11/02/2013",04/10/2014
"StumbleUpon, Inc.",n/a,04/08/2014
"American Express Travel Related Services Company, Inc and /or its Affiliates (“AXP”)",n/a,04/07/2014
Cole Taylor Bank,02/07/2014,04/03/2014
Sutherland Healthcare Solutions,02/05/2014,04/03/2014
Kaiser Permanente Northern CA Department of Research,"10/18/2011, 02/12/2014",04/02/2014
California Department of Corrections and Rehabilitation,03/03/2014,04/02/2014
"American Express Travel Related Services Company, Inc and /or its Affiliates (“AXP”)",n/a,04/01/2014
ITHAKA,n/a,03/31/2014
Palomar Health,02/22/2014,03/28/2014
Sorenson Communications,"02/20/2014, 03/02/2014",03/27/2014
"American Express Travel Related Services Company, Inc and /or its Affiliates (“AXP”)",n/a,03/25/2014
"Castle Creek Properties, Inc., dba Rosenthal the Malibu Estates",n/a,03/21/2014
Marian Regional Medical Center,"03/02/2014, 03/03/2014, 03/04/2014, 03/05/2014, 03/06/2014",03/20/2014
Discover Financial Services,n/a,03/20/2014
"Arcadia Health Services, Inc. d/b/a Arcadia Home Care & Staffing",n/a,03/17/2014
Silversage Advisors,02/20/2014,03/13/2014
UCSF Family Medicine Center at Lakeshore,01/11/2014,03/12/2014
OANDA Corporation,03/03/2014,03/05/2014
Eureka Internal Medicine,"09/25/2013, 10/09/2013",03/04/2014
St. Joseph Health,02/18/2014,03/03/2014
"AppleCare Insurance Services, Inc.",01/01/2014,02/28/2014
80sTees,06/03/2012,02/28/2014
The J.M. Smucker Company,12/23/2012,02/27/2014
L.A. Care Health Plan,"01/22/2014, 01/23/2014, 01/24/2014",02/27/2014
The Variable Annuity Life Insurance Company,10/25/2007,02/26/2014
Discover Financial Services,01/01/2014,02/21/2014
Department of Resources Recycling and Recovery,01/24/2014,02/20/2014
Blue Shield of California,12/20/2013,02/18/2014
"The Home Depot, Inc.",n/a,02/10/2014
The Freeman Company,01/20/2014,02/10/2014
Easter Seal Society of Superior California,12/10/2013,02/07/2014
Bank of the West,n/a,02/05/2014
"K. Min Yi, M.D. General Surgery",05/28/2013,02/05/2014
St. Joseph Health System,12/16/2013,02/05/2014
University of California Davis Medical Center,12/13/2013,02/03/2014
"Bring it To Me, LLC",01/13/2014,01/29/2014
"Michaels Stores, Inc.",n/a,01/27/2014
Neiman Marcus Group,n/a,01/25/2014
The Coca-Cola Company,n/a,01/24/2014
"W.J. Bradley Mortgage Capital, LLC",n/a,01/23/2014
"Easton-Bell Sports, Inc.",12/01/2013,01/17/2014
"American Express Travel Related Services Company, Inc and /or its Affiliates (“AXP”)",11/01/2012,01/16/2014
Update Legal,n/a,01/13/2014
Straight Dope LLC,12/15/2013,01/09/2014
"American Express Travel Related Services Company, Inc and /or its Affiliates (“AXP”)",n/a,01/07/2014
East West Bank,"11/27/2013, 12/15/2013",01/02/2014
"‘wichcraft Operating, LLC",n/a,12/30/2013
T-Mobile US,n/a,12/30/2013
"American Express Travel Related Services Company, Inc and /or its Affiliates (“AXP”)",n/a,12/29/2013
StakerLaw Tax and Estate Planning Law Corporation,12/20/2013,12/27/2013
"Robert Meaglia, DDS","12/16/2013, 12/16/2013",12/22/2013
Affinity Gaming LLC,03/14/2013,12/20/2013
"W.J. Bradley Mortgage Capital, LLC",n/a,12/20/2013
Target Corporation,"11/27/2013, 12/15/2013",12/20/2013
TechMedia Network,10/04/2013,12/20/2013
Discover Financial Services,n/a,12/20/2013
Discover Financial Services,n/a,12/20/2013
CITGO Petroleum Corporation,10/09/2013,12/18/2013
Massachusetts Mutual Life Insurance Company,12/03/2013,12/16/2013
"American Express Travel Related Services Company, Inc and /or its Affiliates (“AXP”)",n/a,12/16/2013
EDD,09/30/2013,12/13/2013
"American Express Travel Related Services Company, Inc and /or its Affiliates (“AXP”)",n/a,12/13/2013
"American Express Travel Related Services Company, Inc and /or its Affiliates (“AXP”)",05/28/2013,12/12/2013
Cottage Health System,n/a,12/11/2013
"Stephen T. Imrie, M.D.",09/23/2013,12/10/2013
Los Angeles Gay and Lesbian Community Services Center,"09/17/2013, 11/08/2013",12/10/2013
"DecisionDesk, Inc.",10/28/2013,12/10/2013
"Horizon Healthcare Services, Inc.,dba Horizon Blue Cross Blue Shield of New Jersey, and its affiliates",11/01/2013,12/06/2013
"JPMorgan Chase Bank, N.A.",n/a,12/05/2013
"American Express Travel Related Services Company, Inc and /or its Affiliates (“AXP”)",02/10/2013,12/04/2013
"B&G Foods, Inc.",11/16/2013,12/03/2013
Maricopa County Community Colleges District,n/a,12/02/2013
Board of Barbering and Cosmetology,08/23/2013,12/02/2013
"Marsh & McLennan Companies, Inc. and our affiliates",06/13/2013,11/26/2013
"Kaiser Foundation Hospital Orange County, Anaheim Medical Center",09/25/2013,11/25/2013
Sebastopol Sea Serpents,10/13/2013,11/25/2013
Employment Development Dept.,"09/14/2013, 10/09/2013",11/22/2013
University of California San Francisco,09/25/2013,11/21/2013
Flamingo Resort and Spa,n/a,11/21/2013
"Kroll Background America, Inc.",n/a,11/21/2013
Anthem Blue Cross,"10/23/2013, 10/24/2013",11/20/2013
Kathleen E. Whisman MD,n/a,11/20/2013
Discover Financial Services,n/a,11/18/2013
Lincoln Credit Center,10/20/2013,11/15/2013
USI Insurance Services LLC,10/02/2013,11/13/2013
Datapak Services Corporation,03/05/2013,11/08/2013
"DaVita, a division of DaVita HealthCare Partners Inc.",09/06/2013,11/05/2013
Standard Insurance Company,n/a,11/04/2013
"Harbor Freight Tools USA, Inc.","05/06/2013, 06/30/2013",10/31/2013
Dun & Bradstreet,04/02/2013,10/28/2013
Yusen Logistics (Americas) Inc.,09/24/2013,10/25/2013
"International SOS Assistance, Inc",08/24/2013,10/25/2013
The Fisherman's Restaurant,05/03/2013,10/23/2013
"AHMC Healthcare, Inc and affiliated hospitals",10/12/2013,10/21/2013
Ouidad,06/30/2013,10/18/2013
Discover Financial Services,n/a,10/17/2013
Monterey County Department of Social Services,03/17/2013,10/11/2013
Legal Aid Society of San Mateo County,08/12/2013,10/11/2013
KEARNY MESA INFINITI,n/a,10/10/2013
Massachusetts Mutual Life Insurance Company,09/13/2013,10/04/2013
Adobe Systems Incorporated,"09/11/2013, 09/12/2013, 09/13/2013, 09/14/2013, 09/15/2013, 09/16/2013, 09/17/2013",10/03/2013
UCSF Medical Center,09/09/2013,10/02/2013
R.T. Jones Capital Management Equities,07/22/2013,10/01/2013
"Petrochem Insulation, Inc.",07/18/2013,10/01/2013
Santa Clara Valley Medical Center,"09/14/2013, 09/15/2013",09/27/2013
California Department of Public Health,08/20/2013,09/26/2013
ICG America,01/02/2013,09/24/2013
Unique Vintage,09/18/2013,09/24/2013
"American Express Travel Related Services Company, Inc and /or its Affiliates (“AXP”)",n/a,09/23/2013
"Windhaven Investment Management, Inc.",n/a,09/23/2013
BEL USA LLC,"03/01/2013, 07/15/2013",09/20/2013
"PLS Financial Services, Inc.",n/a,09/18/2013
Buckeye Check Cashing of California LLC,n/a,09/17/2013
"Kaiser Foundation Health Plan, Inc.",05/16/2013,09/11/2013
FSV Payment Systems,"07/22/2013, 07/28/2013",09/11/2013
Outdoor Network LLC,"12/14/2012, 07/24/2013",09/09/2013
Edgewood Partners Insurance Center,07/17/2013,09/06/2013
"Hankyu Chung, M.D.",06/16/2013,09/06/2013
Inter-Continental Hotels Corporation,07/04/2013,09/02/2013
"Midwest Supplies, LLC",06/13/2013,08/27/2013
"American Express Travel Related Services Company, Inc and /or its Affiliates (“AXP”)",01/17/2012,08/27/2013
Advocate Medical Group,07/15/2013,08/23/2013
"American Express Travel Related Services Company, Inc and /or its Affiliates (“AXP”)",01/15/2013,08/23/2013
"Shore Mortgage (a division of United Shore Financial Services, LLC)",06/02/2013,08/22/2013
San Francisco State University,03/25/2013,08/20/2013
California Department of Corrections and Rehabilitation,07/26/2013,08/20/2013
Exelixis,07/30/2013,08/16/2013
Income and Capital Growth Strategies Inc.,"07/12/2013, 07/13/2013, 07/14/2013",08/12/2013
"Cogent Healthcare, Inc.","05/05/2013, 06/24/2013",08/08/2013
Smartphone Experts,n/a,08/07/2013
"Vitreo-Retinal Medical Group, Inc., dba Retinal Consultants Medical Group, Inc.",06/05/2013,08/02/2013
US Airways,n/a,08/02/2013
"Health Net, Inc.","04/01/2013, 05/31/2013",08/01/2013
South Central Los Angeles Regional Center,07/06/2013,07/31/2013
Fidelity Investments (on behalf of Oracle Corporation),07/10/2013,07/31/2013
California Correctional Health Care Services,06/19/2013,07/30/2013
"American Express Travel Related Services Company, Inc and /or its Affiliates (“AXP”)",02/01/2013,07/19/2013
San Jose Medical Supply Company,"08/01/2011, 12/31/2011",07/18/2013
OnCore Manufacturing Services,07/05/2013,07/16/2013
Sonoma Valley Hospital,02/14/2013,07/10/2013
"American Express Travel Related Services Company, Inc and /or its Affiliates (“AXP”)",n/a,07/08/2013
"Roy's Holdings, Inc.",01/28/2013,07/08/2013
Bureau of Automotive Repair,n/a,07/03/2013
"American Express Travel Related Services Company, Inc and /or its Affiliates (“AXP”)",n/a,07/03/2013
Quayside Publishing Group,04/29/2013,07/02/2013
"Millimaki Eggert, LLP",04/27/2013,06/27/2013
Citi Prepaid Services,06/02/2013,06/27/2013
Foundations Recovery Network,06/15/2013,06/24/2013
Yolo Federal Credit Union,"03/29/2013, 05/28/2013",06/13/2013
Sutter Health East Bay Region (Alta Bates Summit Medical Center; Sutter Delta Medical Center; Eden Medical Center),n/a,06/06/2013
SynerMed Inc,04/15/2013,06/06/2013
ADP,n/a,06/05/2013
Massachusetts Mutual Life Insurance Company,05/08/2013,06/04/2013
"Rentpath, Inc., formerly knwon as Primedia, Inc.",06/20/2012,05/31/2013
Anasazi Hotel LLC,06/18/2012,05/30/2013
"TJG, Inc. d/b/a Target Marketing",05/14/2013,05/29/2013
Shumsky Promotional Agency,05/14/2013,05/29/2013
"Beachbody, LLC","03/01/2013, 04/01/2013",05/28/2013
"Godiva Chocolatier, Inc.",n/a,05/28/2013
California Department of State Hospitals,05/08/2013,05/24/2013
Discover Financial Services,n/a,05/24/2013
Discover Financial Services,n/a,05/24/2013
"Vendini, Inc.",03/29/2013,05/24/2013
"American Express Travel Related Services Company, Inc and /or its Affiliates (“AXP”)",04/06/2011,05/15/2013
"American Express Travel Related Services Company, Inc and /or its Affiliates (“AXP”)",06/03/2012,05/13/2013
PHH Corporation,n/a,05/10/2013
California Department of Public Health,n/a,05/08/2013
Equity Trust Company,n/a,05/08/2013
Tomren Wealth Management,03/06/2013,05/07/2013
"American Express Travel Related Services Company, Inc and /or its Affiliates (“AXP”)",04/09/2013,05/02/2013
"LivingSocial, Inc.",04/05/2013,04/26/2013
"American Express Travel Related Services Company, Inc and /or its Affiliates (“AXP”)",12/21/2012,04/25/2013
WestCoast Children's Clinic,04/16/2013,04/24/2013
"OneWest Bank, FSB","01/01/2011, 03/31/2011",04/23/2013
"Stanley Black & Decker, Inc.",01/28/2013,04/16/2013
Chapman University,02/27/2013,04/11/2013
"American Express Travel Related Services Company, Inc and /or its Affiliates (“AXP”)",01/17/2013,04/04/2013
Computer Sciences Corporation,n/a,04/03/2013
"Ellison Systems, Inc. d.b.a Shoplet.com",12/20/2012,04/02/2013
"American Express Travel Related Services Company, Inc and /or its Affiliates (“AXP”)",10/16/2012,04/01/2013
Citi,n/a,03/28/2013
"Rollins, Inc.",03/04/2013,03/27/2013
"American Express Travel Related Services Company, Inc and /or its Affiliates (“AXP”)",12/19/2012,03/26/2013
"The Finish Line, Inc.",01/11/2013,03/26/2013
"American Express Travel Related Services Company, Inc and /or its Affiliates (“AXP”)",n/a,03/25/2013
"TLO, LLC","08/20/2012, 01/15/2013",03/22/2013
"OCS America, Inc.",03/04/2013,03/22/2013
"United Shore Financial Services, LLC",12/02/2012,03/19/2013
Massachusetts Mutual Life Insurance Company,01/30/2013,03/06/2013
The Prudential Insurance Company of America,12/13/2012,03/04/2013
"TD Bank, N.A.",n/a,03/04/2013
"Fabric Depot, Inc.",10/16/2012,03/01/2013
"American Express Travel Related Services Company, Inc and /or its Affiliates (“AXP”)",n/a,03/01/2013
First National Bank of Southern California,02/01/2013,02/28/2013
Mercedes-Benz of Walnut Creek,02/08/2013,02/25/2013
Crescent Health Inc. - A Walgreen Company,12/28/2012,02/22/2013
"American Express Travel Related Services Company, Inc and/or its Affiliates (“AXP”)",08/24/2012,02/19/2013
Crafts Americana Group,12/21/2012,02/11/2013
Talk Fusion,"10/18/2012, 10/19/2012",02/08/2013
Schneider-Electric,01/17/2013,02/07/2013
Thorlo,11/14/2012,02/07/2013
"American Express Travel Related Services Company Inc and / or its Affiliates (""AXP"")",12/30/2011,02/05/2013
ANTIOCH UNIFIED SCHOOL DISTRICT,01/18/2013,02/01/2013
Stethoscope.com LLC,12/03/2012,01/29/2013
North Los Angeles County Regional Center,11/10/2012,01/29/2013
RR Donnelley,n/a,01/28/2013
Wilton Brands LLC,10/08/2012,01/24/2013
NECA/IBEW Family Medical Care Plan,12/28/2012,01/22/2013
Stanford School of Medicine & Lucile Packard Children's Hospital,01/09/2013,01/18/2013
Discover Financial Services,n/a,01/18/2013
"American Express Travel Related Services Company, Inc and /or its Affiliates (“AXP”)",09/01/2012,01/11/2013
"Calvin Schuster, M.D.",11/04/2012,01/07/2013
Centric Group LLC,08/01/2010,01/07/2013
Reyes Beverage Group,11/09/2012,01/04/2013
"Rosenthal Collins Group, LLC",11/27/2012,01/02/2013
"Sunview Vineyards of California, Inc.",12/15/2012,12/31/2012
East San Gabriel Valley Regional Occupational Program,12/11/2012,12/28/2012
Calif. Department of Health Care Services,"12/10/2012, 12/18/2012",12/24/2012
Upper Skagit Indian Tribe,10/26/2012,12/21/2012
Jetro/Restaurant Depot,"11/07/2012, 12/05/2012",12/20/2012
Western University of Health Sciences,11/14/2012,12/18/2012
World Travel Holdings,n/a,12/17/2012
"Library Systems & Services, LLC",10/31/2012,12/17/2012
Yolo Federal Credit Union,"10/27/2012, 10/28/2012, 10/29/2012, 10/30/2012, 10/31/2012, 11/01/2012, 11/02/2012, 11/03/2012, 11/04/2012, 11/05/2012, 11/06/2012, 11/07/2012",12/13/2012
MT. DIABLO UNIFIED SCHOOL DISTRICT,12/01/2012,12/12/2012
Wilton Brands LLC,07/19/2012,12/12/2012
"American Express Travel Related Services Company, Inc and/or it's affiliates ('AXP')",11/01/2010,12/12/2012
Pepperdine University,11/11/2012,12/11/2012
"South Carolina Department of Revenue, c/o Jon Neiditz, Nelson Mullins Riley & Scarborough","09/01/2012, 09/15/2012",12/10/2012
Accume Partners,10/31/2012,12/10/2012
"Pinkerton Government Services, Inc.",11/15/2012,12/07/2012
California Department of Healthcare Services,11/05/2012,12/05/2012
"American Express Travel Related Services Company, Inc and /or its Affiliates (“AXP”)",n/a,11/30/2012
WestCoast Children's Clinic,11/20/2012,11/29/2012
"Advanced Data Processing, Inc.","06/15/2012, 10/01/2012",11/28/2012
Oak River Insurance Company,"10/01/2011, 03/31/2012",11/21/2012
"American Express Travel Related Services Company, Inc and /or its Affiliates (“AXP”)",08/03/2012,11/20/2012
"American Express Travel Related Services Company, Inc and /or its Affiliates (“AXP”)",05/21/2012,11/20/2012
American Tool Supply,08/01/2012,11/19/2012
Nationwide Mutual Insurance Company,10/03/2012,11/16/2012
"Sprechman & Associates, P.A.",n/a,11/13/2012
"Alere Home Monitoring, Inc.",09/23/2012,11/13/2012
"National Processing Company, Inc.",n/a,11/07/2012
"American Express Travel Related Services Company, Inc and /or its Affiliates (“AXP”)",11/06/2011,11/06/2012
"American Express Travel Related Services Company, Inc and /or its Affiliates (“AXP”)",n/a,11/02/2012
California Department of Corrections and Rehabilitation,09/26/2012,11/01/2012
HSBC Bank USA National Association,07/27/2012,10/30/2012
Kaiser Permanente,08/24/2012,10/29/2012
"Barnes & Noble Booksellers, Inc.",n/a,10/24/2012
Philip P Corneliuson,09/15/2012,10/22/2012
L.A. Care Health Plan,"09/17/2012, 09/18/2012, 09/19/2012, 09/20/2012",10/22/2012
Korn/Ferry,n/a,10/11/2012
"American Express Travel Related Services Company, Inc and /or its Affiliates (“AXP”)",n/a,10/10/2012
"TD Bank, N.A.",03/30/2012,10/08/2012
Monterey Institute of International Studies,09/14/2012,10/04/2012
"Apria Healthcare, Inc.",06/14/2012,09/28/2012
Transcend Capital LLC,08/20/2012,09/20/2012
St. Therese Medical Group,07/22/2012,09/17/2012
California Correctional Health Care Services,06/20/2012,09/13/2012
"American Express Travel Related Services Company, Inc and /or its Affiliates (“AXP”)",04/02/2012,09/13/2012
"American Express Travel Related Services Company, Inc and /or its Affiliates (“AXP”)",02/02/2012,09/11/2012
Local 2/Hospitality Industry Child & Elder Care Plan,08/13/2012,09/11/2012
CARMICHAEL COMPANY,n/a,09/11/2012
Healing Touch Day Spa Inc./Whatgreatskin.com,08/28/2012,09/11/2012
Nebraska State College System,05/23/2012,09/10/2012
"American Express Travel Related Services Company, Inc and /or its Affiliates (“AXP”)",04/01/2012,09/05/2012
"American Express Travel Related Services Company, Inc and /or its Affiliates (“AXP”)",n/a,09/05/2012
Churchill Downs Technology Initiatives Company dba TwinSpires,08/03/2012,09/04/2012
"American Express Travel Related Services Company, Inc and /or its Affiliates (“AXP”)",04/02/2012,09/03/2012
The John Stewart Company,08/13/2012,08/23/2012
State Farm Insurance Companies,07/28/2012,08/23/2012
"American Express Travel Related Services Company, Inc and/or its Affiliates (“AXP”)",04/02/2012,08/22/2012
"Bellacor.com, Inc.",07/26/2012,08/21/2012
Discover Financial Services,n/a,08/17/2012
"Apria Healthcare, Inc.",06/14/2012,08/15/2012
"American Express Travel Related Services Company, Inc and /or its Affiliates (“AXP”)",03/02/2012,08/14/2012
First Republic Bank,08/02/2012,08/14/2012
Stanford Hospital & Clinics and School of Medicine,07/15/2012,08/10/2012
California Correctional Health Care Services (CCHCS),06/11/2012,08/07/2012
Nordstrom fsb,06/07/2012,08/07/2012
Ameritas LIfe Insurance Corp.,03/22/2012,08/03/2012
Massachusetts Mutual Life Insurance Company,07/13/2012,07/31/2012
Comerica Bank,n/a,07/30/2012
"Petco Animal Supplies, Inc.",05/18/2012,07/26/2012
Mission Linen Supply Company,06/29/2012,07/24/2012
"American Express Travel Related Services Company, Inc and /or its Affiliates (“AXP”)",n/a,07/20/2012
American Pharmacists Association,"04/23/2012, 05/28/2012",07/18/2012
"American Express Travel Related Services Company, Inc and /or its Affiliates (“AXP”)",06/26/2012,07/17/2012
Hamner Square Denta,n/a,07/17/2012
River Arch Dental/Hamner Square Dental,05/18/2012,07/17/2012
"American Express Travel Related Services Company, Inc and /or its Affiliates (“AXP”)",n/a,07/12/2012
"American Express Travel Related Services Company, Inc and /or its Affiliates (“AXP”)",n/a,07/12/2012
Scripps College,n/a,07/12/2012
"American Express Travel Related Services Company, Inc and /or its Affiliates (“AXP”)",n/a,07/11/2012
Global Payments Inc.,n/a,07/03/2012
"ThePartsBin.com (U.S. Auto Parts Network, Inc.)","04/09/2011, 06/12/2012",06/29/2012
University of Southern California,n/a,06/29/2012
"Gotickets, Inc.","05/22/2012, 05/30/2012",06/20/2012
ECS Tuning,"05/06/2012, 05/10/2012",06/19/2012
"Postcard Press, Inc. d/b/a Next Day Flyers",n/a,06/06/2012
California Department of Public Health,05/08/2012,06/05/2012
"Investacorp, Inc.",11/29/2011,05/29/2012
"Bank of America Merchant Services, LLC","01/02/2012, 02/25/2012",05/29/2012
First Republic Bank,01/21/2012,05/29/2012
Discover Financial Services,n/a,05/25/2012
Discover Financial Services,n/a,05/25/2012
"Altrec, Inc.",n/a,05/24/2012
Yolo Federal Credit Union,"03/22/2012, 04/04/2012, 04/13/2012, 04/17/2012, 04/26/2012, 05/15/2012",05/21/2012
"Emory Healthcare, Inc.",02/20/2012,05/16/2012
St Mary Medical Center,05/07/2012,05/14/2012
California Department of Social Services,n/a,05/11/2012
University of North Carolina at Charlotte,n/a,05/11/2012
First Data,n/a,05/11/2012
California Department of Justice / CATCH,n/a,05/11/2012
"Incorporating Services, Ltd.",04/02/2012,05/02/2012
Choice Hotels International,n/a,04/26/2012
"Rent-A-Center, Inc.",04/01/2012,04/25/2012
Indie Research LLC,"04/03/2012, 04/07/2012",04/20/2012
Desert AIDS Project,04/12/2012,04/20/2012
Cigna Dental,03/23/2012,04/19/2012
Kern Medical Center,02/25/2012,04/18/2012
KAISER PERMANENTE,04/06/2012,04/16/2012
Perry Dental,02/16/2012,04/12/2012
X-Rite Incorporated,02/06/2012,04/11/2012
"Pono Products, Inc. dba reuseit.com",08/22/2011,04/09/2012
Union Bank N.A.,01/31/2012,04/05/2012
State Farm Insurance Companies,n/a,04/03/2012
Manhattan Prep,03/25/2012,04/03/2012
Opening Ceremony Online LLC,02/14/2012,03/30/2012
UnitedHealth Group health plan single affiliated covered entity,"06/28/2011, 12/12/2011",03/30/2012
"State of California, Department of Child Support Services",03/12/2012,03/29/2012
"San Francisco Head Start, San Francisco State University","08/01/2011, 11/30/2011",03/29/2012
St. Joseph's Medical Center,"02/02/2012, 03/16/2012",03/29/2012
"Sacramento Area Fire Fighters, Local 522",n/a,03/28/2012
"Rubio's Restaurants, Inc.",02/05/2012,03/19/2012
Kaiser Foundation Health Plan,09/26/2011,03/16/2012
LPL Financial,02/06/2012,02/29/2012
Trident University International,11/26/2011,02/22/2012
RJL Insurance Services,10/01/2011,02/21/2012
"DHI Mortgage Company, Ltd., LP",02/10/2012,02/16/2012
"Impairment Resouces, LLC",12/31/2011,02/09/2012
Valve Corporation,n/a,02/08/2012
"IndyMac Resources, Inc.",n/a,02/02/2012
TM Acquisition LLC (d/b/a Trymedia),12/08/2011,01/25/2012
Regions Financial Corporation,n/a,01/23/2012
New York State Electric & Gas (NYSEG) and Rochester Gas and Electric (RG&E) (subsidiaries of Iberdrola USA),01/05/2012,01/23/2012
Pacifica-Coastside Credit Union / SF Fire Credit Union,12/29/2011,01/20/2012
