Organization,Date of Breach,Reported Date,Date(s) of Discovery of Breach,Notice Provided to Consumers
Volusion LLC,9/7/2019 - 3/20/2020,4/21/2020,"Friday, March 20, 2020","Monday, April 20, 2020"
"KandyPens, Inc.",3/7/2019 - 2/13/2020,4/20/2020,"Wednesday, February 12, 2020","Monday, April 20, 2020"
YMCA of Columbia-Willamette,12/19/2019 - 12/27/2019,3/27/2020,"Friday, December 27, 2019","Friday, March 27, 2020"
Oregon Department of Human Services,3/5/2020 - 3/6/2020,3/20/2020,"Friday, March 6, 2020","Friday, March 20, 2020"
"Tandem Diabetes Care, Inc.",1/17/2020 - 1/20/2020,3/17/2020,"Friday, January 17, 2020","Tuesday, March 17, 2020"
"Avalon Health Care Management, Inc.",6/17/2019 - 7/9/2019,3/16/2020,"Monday, December 16, 2019","Monday, March 16, 2020"
"NorthWest Investment and Retirement Group, LLC ",9/26/2019 - 12/3/2019,3/12/2020,"Monday, January 27, 2020","Thursday, March 12, 2020"
Woods & Woods LLC,1/15/2020 - 2/1/2020,3/11/2020,"Saturday, February 1, 2020; Tuesday, February 25, 2020","Wednesday, March 11, 2020"
Wichita State University,12/3/2019 - 12/5/2019,3/11/2020,"Monday, January 13, 2020","Friday, March 6, 2020"
Carnival Corporation & PLC,4/11/2019 - 7/23/2019,3/3/2020,"Thursday, September 19, 2019","Monday, March 2, 2020"
AFTRA Retirement Fund,10/24/2019 - 10/28/2019,2/25/2020,"Monday, October 28, 2019","Tuesday, February 25, 2020"
Multnomah Education Service District ,1/19/2020 - 1/23/2020,2/13/2020,"Sunday, January 19, 2020","Thursday, February 13, 2020"
"LaCrosse Footwear, Inc.",8/1/2019 - 9/18/2019,2/7/2020,"Tuesday, January 14, 2020","Friday, February 7, 2020"
Overlake Medical Center & Clinics,12/6/2019 - 12/9/2019,2/7/2020,"Monday, December 9, 2019","Tuesday, February 4, 2020"
"Hamilton & Naumes, LLC",1/16/2020 - 1/16/2020,2/5/2020,"Friday, January 17, 2020",
Health Share of Oregon,11/18/2019 - 11/18/2019,2/5/2020,"Thursday, January 2, 2020","Wednesday, February 5, 2020"
"J.D. England Management, Inc.",8/31/2019 - 9/1/2019,1/17/2020,"Tuesday, November 12, 2019","Friday, January 17, 2020"
"Hanna Andersson, LLC",9/16/2019 - 11/11/2019,1/15/2020,"Thursday, December 5, 2019","Wednesday, January 15, 2020"
City of Bend ,8/30/2019 - 10/14/2019,1/14/2020,"Monday, December 16, 2019","Friday, January 10, 2020"
Klamath County,,1/2/2020,"Tuesday, November 19, 2019",
Evolucion Innovations Inc.,11/8/2019,12/31/2019,,"Tuesday, December 31, 2019"
"Landry's, Inc. ",1/18/2019 - 10/17/2019,12/31/2019,"Friday, November 22, 2019","Tuesday, December 31, 2019"
Unum Group,10/1/2019 - 10/10/2019,12/30/2019,"Thursday, October 10, 2019","Monday, December 23, 2019"
"ACTIVE Network, LLC",10/1/2019 - 11/13/2019,12/30/2019,"Wednesday, November 13, 2019","Monday, December 30, 2019"
Pension Planners Northwest,11/7/2019 - 11/7/2019,12/20/2019,,"Friday, December 20, 2019"
"Vimly Benefit Solutions, Inc.",,12/19/2019,,"Wednesday, December 18, 2019"
"Wawa, Inc.",3/4/2019 - 12/12/2019,12/19/2019,"Tuesday, December 10, 2019","Thursday, December 19, 2019"
Jambav Inc ,11/11/2019,12/17/2019,"Monday, November 11, 2019","Monday, December 16, 2019"
Magellan Rx Management,4/27/2019 - 5/28/2019,12/5/2019,"Friday, July 5, 2019; Saturday, July 6, 2019; Sunday, July 7, 2019; Friday, July 12, 2019","Friday, November 22, 2019"
"Choice Hotels International, Inc.",6/1/2015 - 11/12/2019,11/29/2019,"Tuesday, November 12, 2019","Friday, November 29, 2019"
Cadence Aerospace,10/24/2019 - 10/24/2019,11/22/2019,"Thursday, October 24, 2019","Wednesday, November 20, 2019"
"ARINC, Incorporated",10/7/2019 - 10/18/2019,11/20/2019,"Thursday, October 17, 2019","Friday, November 22, 2019"
macys.com,10/7/2019 - 10/15/2019,11/15/2019,"Tuesday, October 15, 2019","Thursday, November 14, 2019"
"Solara Medical Supplies, LLC",,11/13/2019,,
First Aid Beauty Limited,4/15/2019 - 10/25/2019,11/8/2019,"Wednesday, August 21, 2019","Friday, November 8, 2019"
"Arizona Dental Insurance Service, Inc. d.b.a. Delta Dental of Arizona",7/8/2019 - 7/8/2019,11/8/2019,"Wednesday, August 28, 2019","Friday, November 8, 2019"
SELCO Community Credit Union,5/14/2019 - 5/14/2019,11/1/2019,,"Thursday, October 24, 2019"
"Auto Approve, LLC",8/28/2019 - 9/19/2019,10/28/2019,"Sunday, September 15, 2019","Monday, October 28, 2019"
Fix My Blinds,3/14/2019 - 6/12/2019,10/25/2019,"Wednesday, August 14, 2019","Tuesday, October 8, 2019"
Kalispell Regional Healthcare,5/24/2019 - 6/4/2019,10/22/2019,"Wednesday, August 28, 2019","Tuesday, October 22, 2019"
"Eye Buy Direct, Inc.",9/1/2018 - 9/28/2019,10/18/2019,"Monday, June 17, 2019; Tuesday, September 17, 2019","Monday, October 14, 2019"
"PKF, LLP",8/17/2019 - 8/17/2019,10/17/2019,"Thursday, September 5, 2019","Tuesday, October 15, 2019"
Nutraceutical Wellness Inc. dba Nutrafol,4/10/2019,10/16/2019,"Wednesday, September 11, 2019","Friday, October 11, 2019"
South Pacific Financial Corporation,,10/13/2019,,"Friday, October 11, 2019"
Cancer Treatment Centers of America at Southeastern Regional Medical Center,7/22/2019 - 7/30/2019,9/27/2019,"Monday, July 29, 2019","Friday, September 27, 2019"
"Majoris Health Systems, Inc.",7/24/2019 - 7/24/2019,9/24/2019,"Friday, August 23, 2019","Friday, September 20, 2019; Monday, September 23, 2019"
Presbyterian Healthcare Services,5/9/2019,9/20/2019,"Thursday, June 6, 2019; Wednesday, July 31, 2019","Thursday, September 12, 2019"
Salem Health,,9/18/2019,,
"Medico of South Carolina, Inc.",6/20/2019 - 6/22/2019,9/18/2019,"Thursday, June 20, 2019"," Monday, September 16, 2019"
Capital One,3/22/2019 - 3/23/2019,9/16/2019,"Friday, July 19, 2019","Thursday, August 8, 2019; Friday, August 30, 2019"
Amateur Athletic Union,7/2/2019,9/13/2019,,
"Peoples Injury Network Northwest (""PINN"")",4/22/2019 - 4/23/2019,9/12/2019,"Thursday, August 8, 2019","Thursday, September 12, 2019"
CafePress Inc.,,9/5/2019,,
NTCA - The Rural Broadband Association,4/3/2019 - 4/3/2019,8/30/2019,"Tuesday, July 23, 2019","Friday, August 23, 2019"
Oregon Judicial Department,7/11/2019 - 7/15/2019,8/28/2019,"Monday, July 15, 2019","Wednesday, August 28, 2019"
"Creation Entertainment, Inc.",2/1/2018 - 10/10/2018,8/26/2019,"Monday, March 18, 2019","Monday, August 26, 2019"
The UPS Store #3604,7/28/2019 - 7/30/2019,8/22/2019,"Tuesday, July 30, 2019","Tuesday, August 20, 2019"
Providence Health Plan ,8/25/2010 - 4/24/2019,8/13/2019,"Wednesday, April 24, 2019","Tuesday, August 20, 2019"
Mid-Valley Behavioral Care Network,6/25/2019 - 6/26/2019,8/9/2019,"Wednesday, June 26, 2019","Friday, August 9, 2019"
pickett dummigan mccall llp,6/16/2019 - 6/16/2019,8/1/2019,"Monday, June 17, 2019","Thursday, August 1, 2019"
"Trusted Tours & Attractions, LLC",3/24/2019 - 6/27/2019,7/29/2019,"Tuesday, July 2, 2019","Monday, July 29, 2019"
"Laboratory Medicine Consultants, LTD",3/21/2019,7/25/2019,"Wednesday, May 15, 2019","Wednesday, July 24, 2019"
"The Party Source, Inc.",4/19/2019 - 7/5/2019,7/19/2019,"Friday, July 5, 2019","Tuesday, July 9, 2019"
Oregon State University ,,7/19/2019,,"Friday, July 19, 2019"
Laboratory Corporation of America Holdings (LabCorp),8/1/2018 - 3/30/2019,7/17/2019,"Tuesday, May 14, 2019","Saturday, July 13, 2019"
Applied Ecological Services,6/17/2019 - 6/18/2019,7/17/2019,"Monday, June 17, 2019","Friday, July 12, 2019"
"Clinical Pathology Laboratories, Inc.",3/21/2019,7/16/2019,"Wednesday, May 15, 2019","Monday, July 15, 2019"
Cancer Treatment Centers of America at Southeastern Regional Medical Center,4/17/2019 - 5/15/2019,7/15/2019,"Wednesday, May 15, 2019","Friday, July 12, 2019"
Cancer Treatment Centers of America at Eastern Regional Medical Center,5/4/2019 - 5/15/2019,7/15/2019,"Thursday, June 6, 2019","Friday, July 12, 2019"
"Northwood, Inc.",5/3/2019 - 5/6/2019,7/15/2019,"Monday, May 6, 2019; Wednesday, June 19, 2019","Friday, July 12, 2019; Monday, July 15, 2019"
"Otak, Inc.",4/5/2019,7/12/2019,"Monday, June 3, 2019","Friday, July 12, 2019"
Datamars Inc.,12/1/2018 - 3/24/2019,7/9/2019,"Friday, June 28, 2019","Tuesday, July 9, 2019"
Multnomah County Dept of Human Services,5/28/2019 - 5/31/2019,7/8/2019,"Friday, May 31, 2019","Tuesday, July 2, 2019; Wednesday, July 3, 2019"
"Backcountry Edge, Inc.",,7/2/2019,"Monday, June 3, 2019","Tuesday, July 2, 2019"
Summa Health ,8/1/2018 - 8/31/2018,6/28/2019,"Wednesday, May 1, 2019","Friday, June 28, 2019"
Rogue Valley Council of Governments,6/7/2019 - 6/7/2019,6/25/2019,"Friday, June 7, 2019","Tuesday, June 25, 2019"
"Dominion Dental Services, Inc., Dominion National Insurance Company, and Dominion Dental Services US",8/25/2010 - 3/31/2019,6/21/2019,"Wednesday, April 24, 2019; Monday, June 17, 2019","Friday, June 21, 2019"
"American Medical Response, Inc.",9/24/2018 - 9/25/2018,6/11/2019,"Thursday, May 9, 2019","Friday, June 7, 2019"
Darwin's Natural Pet Products,9/27/2016 - 3/16/2019,6/7/2019,"Friday, March 8, 2019","Friday, June 7, 2019"
"Acrisure LLC, d/b/a Filice Insurance Agency",4/3/2019 - 4/3/2019,6/6/2019,"Tuesday, May 21, 2019","Friday, May 31, 2019"
ZOLL Services LLC,,6/6/2019,,
"Retrieval-Masters Creditors Bureau, Inc. (d/b/a/ American Medical Collection Agency)",8/1/2018 - 3/30/2019,6/5/2019,"Wednesday, March 20, 2019","Wednesday, June 5, 2019"
Jackson National Life Insurance Company,4/1/2019 - 4/1/2019,6/4/2019,"Tuesday, May 21, 2019",
"Inmediata Health Group, Corp ",1/1/2019,6/3/2019,"Tuesday, January 1, 2019","Monday, April 22, 2019"
Princess Polly Group Pty Ltd,11/1/2018 - 4/29/2019,5/30/2019,"Wednesday, April 24, 2019","Thursday, May 30, 2019"
"Hematology Oncology Associates, PC",12/18/2018 - 2/28/2019,5/28/2019,"Tuesday, March 19, 2019","Tuesday, May 21, 2019"
Mediant Communications Inc.,4/1/2019 - 4/1/2019,5/28/2019,"Monday, April 1, 2019","Friday, May 31, 2019"
Huggins Insurance,11/25/2018 - 1/24/2019,5/24/2019,"Wednesday, April 3, 2019","Friday, May 24, 2019"
National Wildlife Federation,1/3/2019,5/24/2019,"Thursday, April 25, 2019","Friday, May 24, 2019"
"Drury Hotels Company, LLC",,5/24/2019,"Wednesday, May 15, 2019","Friday, May 24, 2019"
Cancer Treatment Centers of America ,3/10/2019 - 3/10/2019,5/21/2019,"Monday, March 11, 2019","Friday, May 10, 2019"
State of Oregon Construction Contractor Board,10/27/2018 - 10/29/2018,5/17/2019,"Friday, April 12, 2019","Friday, May 17, 2019"
Oklahoma Department of Securities,11/29/2018 - 12/11/2018,5/10/2019,"Tuesday, December 11, 2018","Friday, May 10, 2019"
Oregon Health Authority,5/6/2019 - 5/6/2019,5/10/2019,,"Monday, May 6, 2019"
US Oncology,6/7/2018 - 6/7/2018,5/9/2019,"Wednesday, March 27, 2019","Thursday, May 9, 2019"
Partners In Care,11/17/2018 - 12/12/2018,4/26/2019,"Monday, March 4, 2019","Friday, April 26, 2019"
Full Access High Desert,4/6/2017 - 4/15/2017,4/26/2019,"Friday, April 6, 2018","Monday, April 15, 2019"
"Lancaster Archery Supply, Inc.",7/4/2018 - 2/16/2019,4/26/2019,"Wednesday, April 3, 2019","Thursday, April 25, 2019"
Oregon Institute of Technology,10/19/2018 - 10/23/2018,4/19/2019,"Thursday, October 25, 2018","Thursday, April 18, 2019"
Clearway Pain Solutions Institute,2/20/2019,4/11/2019,"Wednesday, February 20, 2019","Thursday, April 4, 2019"
RS Medical ,2/11/2019 - 2/12/2019,4/11/2019,"Thursday, April 11, 2019","Monday, April 8, 2019"
New Bit Ventures Ltd. (owner of Coinmama.com),12/9/2018 - 12/12/2018,4/9/2019,"Sunday, February 17, 2019","Wednesday, February 20, 2019"
AeroGrow International,10/29/2018 - 3/4/2019,4/4/2019,"Monday, March 4, 2019","Thursday, April 4, 2019"
"Key West Hotels, LLC",2/7/2018 - 12/31/2018,4/2/2019,"Friday, March 8, 2019","Tuesday, April 2, 2019"
Oregon Endodontic Group,11/9/2018 - 11/26/2018,4/2/2019,"Monday, February 11, 2019","Tuesday, April 2, 2019"
Earl Enterprises,5/23/2018 - 3/18/2019,3/29/2019,"Saturday, February 23, 2019","Friday, March 29, 2019"
Columbia Forest Products,9/8/2018 - 11/13/2018,3/29/2019,"Monday, October 22, 2018","Friday, March 29, 2019"
"Warn Industries, Inc.",2/28/2018 - 1/7/2019,3/22/2019,"Monday, January 7, 2019","Friday, March 22, 2019"
Providence Health Plan ,8/23/2018 - 8/23/2018,3/19/2019,"Monday, December 17, 2018",
"flexPATH Strategies, LLC",12/7/2018 - 12/7/2018,3/15/2019,"Friday, February 22, 2019","Friday, March 15, 2019"
ABM Industries Incorporated,1/8/2018 - 8/7/2018,3/12/2019,,"Tuesday, March 12, 2019"
"RSC Insurance Brokerage, Inc.",8/23/2018 - 8/23/2018,3/1/2019,"Monday, December 17, 2018; Tuesday, January 22, 2019","Friday, March 1, 2019"
Armor Games Inc.,1/1/2019,2/25/2019,"Tuesday, January 29, 2019","Monday, February 25, 2019"
University of Washington Medicine ,12/4/2018 - 1/10/2019,2/25/2019,"Wednesday, December 26, 2018","Tuesday, February 19, 2019"
"North Country Business Products, Inc.",1/3/2019 - 1/24/2019,2/15/2019,"Wednesday, January 30, 2019","Friday, February 15, 2019"
North 40 Outfitters,2/2/2018 - 11/20/2018,2/14/2019,"Thursday, November 8, 2018; Thursday, January 3, 2019","Thursday, February 14, 2019"
Truluck's Restaurant Group,11/4/2018 - 12/8/2018,2/12/2019,"Wednesday, December 19, 2018","Tuesday, February 12, 2019"
"Breach at: Pairprep, Inc. Data Owned by: Stanwich Mortgage Loan Trust A, C, and D",2/1/2018 - 1/15/2019,2/12/2019,"Tuesday, January 15, 2019; Friday, January 25, 2019","Tuesday, February 12, 2019"
"Image-I-Nation Technologies, Inc.",11/1/2018 - 11/15/2018,2/4/2019,"Thursday, December 20, 2018","Friday, February 8, 2019"
Pharmaca Integrative Pharmacy Inc.,7/19/2018 - 12/12/2018,1/18/2019,"Thursday, December 6, 2018; Wednesday, December 19, 2018",
"A&A Global Imports, Inc.",,1/14/2019,,"Wednesday, January 9, 2019"
"Aimbridge Hospitality Holdings, LLC ",6/7/2018 - 9/24/2018,12/31/2018,"Friday, September 14, 2018","Monday, December 31, 2018"
Housing Authority Of The City Of Salem,11/20/2018 - 11/20/2018,12/31/2018,"Friday, November 30, 2018","Friday, December 28, 2018"
Warby Parker,9/25/2018 - 9/25/2018,12/27/2018,"Monday, November 26, 2018","Thursday, December 20, 2018"
"BEL USA, LLC through its website DiscountMugs.com",8/5/2018 - 8/5/2018,12/26/2018,"Thursday, December 20, 2018","Monday, December 31, 2018"
Hammer Nutrition,1/1/2018 - 1/1/2018,12/21/2018,,"Friday, December 14, 2018"
Springstone Financial,7/27/2018 - 7/27/2018,12/14/2018,"Tuesday, September 4, 2018","Friday, December 14, 2018"
Titan Manufacturing and Distributing Inc.,"5/22/2018, 10/25/2018",12/7/2018,"Wednesday, May 2, 2018; Thursday, October 25, 2018","Friday, December 7, 2018"
"U.S. Bancorp Investments, Inc",11/1/2018 - 11/1/2018,12/5/2018,"Tuesday, November 6, 2018","Monday, November 26, 2018"
San Diego Hardware,2/5/2018 - 2/5/2018,12/5/2018,"Monday, October 15, 2018","Wednesday, December 5, 2018"
"Thesy, LLC",12/6/2017 - 12/6/2017,12/5/2018,"Thursday, September 20, 2018","Friday, November 2, 2018"
AerServ,,12/2/2018,"Tuesday, June 12, 2018",
"Marriott International, Inc.",4/15/2014 - 4/15/2014,11/30/2018,"Monday, November 19, 2018","Friday, November 30, 2018"
Cancer Treatment Centers of America,5/2/2018 - 5/2/2018,11/30/2018,"Wednesday, September 26, 2018","Monday, November 26, 2018"
Atrium Health (formerly Carolinas HealthCare System),9/22/2018 - 9/22/2018,11/27/2018,"Monday, October 1, 2018","Tuesday, November 27, 2018"
Family Tree Relief Nursery,"11/26/2016 - 11/26/2016, 6/1/2018 - 6/1/2018",11/27/2018,"Wednesday, August 22, 2018","Friday, October 26, 2018; Friday, November 16, 2018"
British Airways Plc,"4/21/2018 - 4/21/2018, 8/21/2018 - 8/21/2018",11/21/2018,"Wednesday, September 5, 2018","Friday, September 7, 2018; Thursday, October 25, 2018"
R.R. Bowker LLC ,5/1/2018 - 5/1/2018,11/20/2018,"Tuesday, October 23, 2018","Tuesday, November 20, 2018"
The Hanover INsurance Company and its subsidiary and affiliate insurance companies,3/16/2018 - 3/16/2018,11/19/2018,"Thursday, August 30, 2018","Monday, November 19, 2018"
Francesca's Services Corporation,12/28/2017 - 12/28/2017,11/19/2018,"Thursday, November 8, 2018","Monday, November 19, 2018"
LPL Financial LLC,11/1/2018,11/17/2018,"Thursday, November 1, 2018","Saturday, November 17, 2018"
Newegg Inc. ,8/13/2018 - 8/13/2018,11/15/2018,"Tuesday, October 23, 2018","Wednesday, September 19, 2018; Thursday, November 15, 2018"
"HealthEquity, Inc.",9/4/2018 - 9/4/2018,11/15/2018,"Friday, October 5, 2018","Thursday, November 15, 2018"
"Pharmacy Times Office of Continuing Professional Education (""PTCE"")",7/6/2018 - 7/6/2018,11/13/2018,"Monday, September 17, 2018","Tuesday, November 13, 2018"
"Stein Mart, Inc.",12/28/2017 - 12/28/2017,11/13/2018,"Thursday, October 25, 2018","Tuesday, November 13, 2018"
"Title Nine Sports, Inc.",12/28/2017 - 12/28/2017,11/12/2018,"Thursday, October 25, 2018","Monday, November 12, 2018"
"Southwest Washington Regional Surgery Center, LLC",5/27/2018 - 5/27/2018,11/6/2018,"Tuesday, September 25, 2018","Tuesday, November 6, 2018"
"Nordstrom, Inc.",10/9/2018 - 10/9/2018,11/5/2018,"Tuesday, October 9, 2018","Monday, November 5, 2018"
Burgerville LLC,8/29/2017 - 8/29/2017,10/30/2018,"Wednesday, September 19, 2018","Thursday, October 4, 2018"
Tillamook Chiropractic Clinic,5/24/2016 - 5/24/2016,10/30/2018,"Friday, August 3, 2018","Friday, October 26, 2018"
Bankers Life,5/30/2018 - 5/30/2018,10/25/2018,"Tuesday, August 7, 2018","Thursday, October 25, 2018"
"GS1 US, Inc.",7/7/2017 - 7/7/2017,10/25/2018,"Monday, October 1, 2018","Thursday, October 25, 2018"
"Renaissance Philanthropic Solutions Group (""RenPSG"")",6/5/2018 - 6/5/2018,10/18/2018,,"Thursday, October 18, 2018"
Shein,6/1/2018 - 6/1/2018,10/11/2018,"Wednesday, August 8, 2018","Friday, September 21, 2018"
Cigna,9/5/2018 - 9/5/2018,10/10/2018,"Wednesday, September 5, 2018","Wednesday, October 10, 2018"
"Northwest Surgical Specialists, P.C. d/b/a Rebound Orthopedics & Neurosurgery ",5/22/2018,10/5/2018,"Wednesday, August 8, 2018","Friday, October 5, 2018"
"FirstGroup of America, Inc.",8/1/2015,9/26/2018,"Wednesday, August 15, 2018","Thursday, September 20, 2018"
"Smith Freed & Eberhard, P.C.",7/26/2018 - 7/26/2018,9/21/2018,"Friday, August 17, 2018","Friday, September 21, 2018"
Tech Rabbit LLC,2/22/2017 - 2/22/2017,9/19/2018,"Wednesday, August 8, 2018",
"Peaceful Valley Farm Supply, Inc.",2/9/2018 - 2/9/2018,9/12/2018,"Wednesday, July 18, 2018","Wednesday, September 12, 2018"
Movement Mortgage LLC,10/9/2017 - 10/9/2017,8/31/2018,"Wednesday, August 1, 2018","Friday, August 31, 2018"
LÍLLÉbaby,6/1/2016 - 6/1/2016,8/29/2018,"Friday, June 15, 2018","Tuesday, August 28, 2018"
"Richard Owen Nursery, Inc.",9/29/2017 - 9/29/2017,8/29/2018,"Monday, August 6, 2018","Wednesday, September 5, 2018"
Cheddar's Scratch Kitchen ,11/3/2017 - 11/3/2017,8/23/2018,"Thursday, August 16, 2018","Wednesday, August 22, 2018"
"Health Management Concepts, Inc.",7/19/2018 - 7/19/2018,8/22/2018,"Thursday, July 19, 2018","Wednesday, August 22, 2018"
Legacy Health,5/26/2018 - 5/26/2018,8/21/2018,"Thursday, June 21, 2018","Monday, August 20, 2018"
RBC Wealth Management,,8/9/2018,"Wednesday, July 18, 2018","Wednesday, August 8, 2018"
Canyon Rd. Chiropractic and Massage ,6/30/2018 - 6/30/2018,8/7/2018,"Monday, July 2, 2018","Wednesday, August 8, 2018"
ChoiceOne / MedSpring Urgent Care,5/13/2018 - 5/13/2018,8/3/2018,"Tuesday, May 22, 2018","Friday, July 27, 2018"
Colorado Bankers Life Insurance Company,3/28/2018 - 3/28/2018,8/3/2018,"Thursday, June 14, 2018; Wednesday, June 20, 2018","Friday, August 3, 2018"
Sunspire Health,3/1/2018 - 3/1/2018,7/27/2018,"Thursday, May 17, 2018","Friday, July 27, 2018"
Yale University,4/1/2008 - 4/1/2008,7/27/2018,"Saturday, June 16, 2018","Friday, July 27, 2018"
TradeMotion,,7/25/2018,"Tuesday, March 20, 2018","Tuesday, July 24, 2018"
"ComplyRight, Inc",4/20/2018 - 4/20/2018,7/25/2018,"Tuesday, May 22, 2018","Friday, July 13, 2018"
"City of Medford, Oregon","2/18/2018 - 2/18/2018, 3/29/2018 - 3/29/2018",7/20/2018,"Tuesday, June 5, 2018","Monday, July 23, 2018"
Tommie Copper Inc,"11/10/2017 - 11/10/2017, 1/21/2018 - 1/21/2018",7/11/2018,"Friday, June 1, 2018","Wednesday, July 11, 2018"
Campbell Soup Company,6/27/2018 - 6/27/2018,7/10/2018,"Wednesday, June 27, 2018","Monday, July 9, 2018"
The International Mission Board,2/14/2018 - 2/14/2018,7/6/2018,"Friday, June 8, 2018","Friday, July 6, 2018"
ATI Holdings LLC and its subsidiaries,1/9/2018 - 1/9/2018,7/5/2018,,"Tuesday, March 27, 2018; Thursday, June 21, 2018"
"Macy's, Inc",5/26/2018 - 6/11/2018,7/3/2018,"Monday, June 11, 2018","Tuesday, June 19, 2018; Tuesday, July 3, 2018"
State Accident Insurance Fund Corporation,5/7/2018 - 5/9/2018,6/8/2018,"Wednesday, May 9, 2018","Friday, June 8, 2018"
Aimbridge Employee Service Corp. ,1/8/2018 - 3/21/2018,6/7/2018,"Wednesday, March 21, 2018","Thursday, June 7, 2018"
Holland Eye Surgery and Laser Center,6/1/2016,6/6/2018,"Monday, March 19, 2018","Friday, May 25, 2018"
City of Portland,4/6/2018 - 4/6/2018,6/1/2018,,"Friday, April 6, 2018"
"Transamerica, including Transamerica Life Insurance Company and Transamerica Retirement Solutions",3/1/2017 - 1/31/2018,6/1/2018,"Friday, December 8, 2017","Friday, June 1, 2018"
Care Partners Hospice and Palliative,4/11/2018 - 4/11/2018,5/25/2018,"Wednesday, April 11, 2018","Friday, May 25, 2018"
The Oregon Clinic,,5/24/2018,"Wednesday, April 11, 2018","Friday, May 25, 2018"
Saxon Insurance Services,5/7/2018 - 5/7/2018,5/23/2018,"Monday, May 7, 2018","Wednesday, May 23, 2018"
Chili's Grill & Bar ,3/1/2018 - 4/1/2018,5/23/2018,"Friday, May 11, 2018","Tuesday, May 15, 2018"
"Integrated Practice Solutions, Inc.",4/11/2018 - 4/11/2018,5/21/2018,"Wednesday, April 11, 2018","Monday, May 7, 2018; Friday, May 18, 2018"
"Bombas, LLC","9/1/2013 - 1/15/2015, 1/27/2015 - 2/9/2015",5/18/2018,"Wednesday, December 31, 2014; Tuesday, January 27, 2015","Monday, May 21, 2018"
Cable Hill Partners LLC,1/10/2018 - 1/16/2018,5/17/2018,"Tuesday, January 16, 2018","Tuesday, May 15, 2018"
Sears Holdings Managment Corporation ,9/27/2017 - 10/12/2017,5/17/2018,"Monday, March 26, 2018","Monday, May 7, 2018"
Corporation Service Company,11/25/2017,5/17/2018,"Thursday, April 5, 2018","Thursday, May 17, 2018"
"TaskRabbit, Inc.",4/11/2018 - 4/18/2018,5/16/2018,"Friday, April 13, 2018","Wednesday, May 9, 2018 - Saturday, May 12, 2018"
"LaPorte & Associates, Inc.",4/2/2018,5/14/2018,"Tuesday, January 9, 2018","Monday, May 7, 2018"
Rail Europe North America Inc.,11/29/2017 - 2/16/2018,5/8/2018,"Friday, February 16, 2018","Monday, April 30, 2018"
"Suntrust Banks, Inc ",,5/8/2018,,"Saturday, April 21, 2018"
Global University ,12/31/2017 - 1/31/2018,5/8/2018,"Wednesday, March 21, 2018","Tuesday, May 8, 2018"
"Alaska Airlines, Inc.",10/1/2017 - 12/22/2017,5/4/2018,"Monday, March 19, 2018","Friday, May 4, 2018"
Hudson's Bay Company ,7/1/2017,5/3/2018,"Thursday, March 29, 2018","Friday, April 27, 2018"
W.W. Grainger Inc.,9/26/2017 - 10/12/2017,4/20/2018,"Tuesday, April 10, 2018","Wednesday, April 18, 2018"
Southwest Airlines co.,10/1/2017 - 12/22/2017,4/20/2018,"Thursday, March 22, 2018","Friday, April 20, 2018"
"Delta Air Lines, Inc. ",9/26/2017 - 10/12/2017,4/13/2018,"Wednesday, March 28, 2018","Wednesday, April 11, 2018; Thursday, April 12, 2018"
"Inogen, Inc.",12/9/2017 - 3/14/2018,4/13/2018,"Wednesday, March 14, 2018","Friday, April 13, 2018"
Bronson Nutritionals LLC ,5/15/2017 - 1/30/2018,3/27/2018,"Monday, March 19, 2018","Monday, March 19, 2018"
Oregon Department of Revenue,2/21/2018,3/27/2018,,"Friday, March 23, 2018"
Orbitz,10/1/2017 - 12/22/2017,3/21/2018,"Thursday, March 1, 2018","Thursday, March 22, 2018; Friday, March 23, 2018"
Pioneer Pacific College,2/9/2018,3/7/2018,,
Preferred Hotel & Resorts,6/1/2018 - 11/1/2017,3/2/2018,"Thursday, January 25, 2018","Monday, March 5, 2018"
FastHealth Corporation,8/14/2017 - 8/18/2017,2/27/2018,"Thursday, November 2, 2017","Tuesday, February 27, 2018"
North 40 Outfitters,1/20/2017 - 1/29/2018,2/23/2018,"Wednesday, January 10, 2018; Monday, January 29, 2018"," Friday, February 23, 2018"
"TERRA Services, Inc.",,2/16/2018,"Tuesday, February 6, 2018","Friday, February 16, 2018"
Equifax Consumer Services LLC,8/1/2017 - 9/2/2017,2/8/2018,,"Monday, January 29, 2018"
"PAR Electrical Contractors, Inc.",12/22/2017 - 12/22/2017,2/5/2018,"Friday, December 22, 2017","Monday, February 5, 2018"
"Pension Fund of the Christian Church (""Pension Fund"")",10/12/2017,1/16/2018,"Wednesday, December 13, 2017","Tuesday, January 16, 2018"
"LiveGlam, Inc. ",12/11/2017,1/11/2018,"Tuesday, April 25, 2017","Friday, December 29, 2017"
Multnomah Athletic Club ,12/2/2017 - 12/5/2017,1/11/2018,"Tuesday, December 5, 2017","Wednesday, January 3, 2018"
"Deli Management, Inc. (d/b/a Jason's Deli, Inc.)",6/8/2017,1/11/2018,"Friday, December 22, 2017","Thursday, January 11, 2018"
"Rea.deeming Beauty, Inc. dba beautyblender",4/25/2015 - 10/26/2017,1/5/2018,"Monday, November 27, 2017","Friday, January 5, 2018"
WEI Mortgage LLC,9/13/2017 - 9/28/2017,1/3/2018,"Wednesday, September 20, 2017","Friday, December 8, 2017; Wednesday, January 3, 2018"
"TIO Networks USA, Inc. (TIO.com), Cricket Wireless LLC, and Pacific Gas and Electric Company",1/1/2014 - 11/10/2017,12/29/2017,"Friday, November 10, 2017","Tuesday, December 12, 2017; Saturday, December 23, 2017"
"Forever 21, Inc. ",4/3/2017 - 11/18/2017,12/28/2017,"Monday, October 16, 2017","Tuesday, November 14, 2017; Thursday, December 28, 2017"
SAIF Corporation,11/3/2017 - 11/3/2017,12/21/2017,"Friday, November 3, 2017","Thursday, December 21, 2017"
"National Capital Poison Center (""NCPC"")",10/21/2017 - 10/21/2017,12/8/2017,"Monday, November 27, 2017","Friday, December 8, 2017"
JAM Paper & Envelope,6/15/2016 - 11/6/2017,12/1/2017,"Friday, November 17, 2017","Friday, December 1, 2017"
"The Medical College of Wisconsin, Inc.",7/21/2017 - 7/28/2017,11/30/2017,"Wednesday, September 20, 2017","Friday, November 17, 2017"
"Uber Technologies, Inc.",10/13/2016 - 11/15/2016,11/21/2017,"Monday, November 14, 2016","Wednesday, November 22, 2017"
ABM Industries Incorporated,7/7/2017,11/14/2017,"Tuesday, August 1, 2017; Tuesday, October 17, 2017","Monday, November 13, 2017"
Gallagher NAC,6/18/2017 - 9/19/2017,11/13/2017,"Thursday, September 21, 2017","Monday, November 13, 2017"
"Tween Brands, Inc.",,11/3/2017,"Thursday, September 7, 2017","Friday, November 3, 2017"
"Shop-Rite Supermarkets, Inc.",2/1/2016 - 2/1/2016,10/30/2017,"Saturday, August 19, 2017","Thursday, October 12, 2017"
"Whole Foods Market Services, Inc.",3/10/2017 - 9/28/2017,10/20/2017,"Saturday, September 23, 2017","Friday, October 20, 2017"
"Pizza Hut, LLC",10/1/2017 - 10/2/2017,10/16/2017,"Thursday, October 5, 2017","Saturday, October 14, 2017"
Owner's Association of Rivertide Suites,8/10/2016 - 3/9/2017,10/13/2017,"Wednesday, September 6, 2017","Friday, October 13, 2017"
Catholic United Financial ,11/12/2016 - 9/6/2017,10/13/2017,"Wednesday, September 6, 2017","Friday, October 6, 2017"
"Transamerica, including Transamerica Life Insurance Company & Transamerica Retirement Solutions, LLC",1/3/2017 - 8/29/2017,10/13/2017,"Tuesday, September 19, 2017","Monday, October 16, 2017"
"Provo Craft & Novelty, Inc., d/b/a Cricut",5/27/2017 - 7/12/2017,10/12/2017,"Wednesday, September 13, 2017","Thursday, October 5, 2017"
Hyatt Hotels Corporation,3/18/2017 - 7/2/2017,10/12/2017,"Friday, July 7, 2017","Thursday, October 12, 2017"
Tommie Copper Inc.,4/25/2017 - 8/29/2017,10/6/2017,"Thursday, August 24, 2017","Friday, October 6, 2017"
"FlexShopper, LLC",8/25/2017 - 8/30/2017,10/5/2017,"Wednesday, August 30, 2017","Thursday, October 5, 2017"
Kenco Group,8/30/2017 - 8/30/2017,10/2/2017,,"Friday, September 29, 2017"
"Servis One, Inc. dba BSI Financial Services",5/31/2017 - 6/1/2017,9/29/2017,"Thursday, June 1, 2017","Monday, September 25, 2017"
The Online Traffic School,6/20/2014 - 7/26/2017,9/29/2017,"Wednesday, July 26, 2017","Friday, September 29, 2017"
Phoenix Inns,8/10/2016 - 3/9/2017,9/28/2017,"Thursday, June 8, 2017","Friday, September 22, 2017"
"Brown/Armstrong, PC",,9/25/2017,"Tuesday, September 5, 2017","Thursday, September 21, 2017"
"W.W. Grainger, Inc.",8/23/2017 - 8/23/2017,9/20/2017,"Thursday, August 24, 2017","Monday, September 18, 2017"
TRUEbenefits LLC,,9/18/2017,"Thursday, August 24, 2017","Monday, September 18, 2017"
"Bulletproof 360, Inc","10/26/2016 - 5/30/2017, 8/28/2017 - 9/5/2017",9/15/2017,"Thursday, February 23, 2017; Tuesday, August 1, 2017; Tuesday, September 5, 2017","Tuesday, March 21, 2017; Friday, September 15, 2017"
"CBS Consolidated, Inc.",7/10/2017,9/13/2017,"Monday, July 10, 2017","Friday, September 8, 2017"
Native Canada Footwear Ltd,4/28/2015 - 6/23/2017,9/8/2017,"Friday, June 23, 2017","Wednesday, August 16, 2017"
Equifax Inc.,5/13/2017 - 7/30/2017,9/7/2017,"Saturday, July 29, 2017","Thursday, September 7, 2017"
Bright Wood Corporation,5/1/2017 - 7/13/2017,8/29/2017,"Friday, July 7, 2017","Tuesday, September 5, 2017"
Loews Hotels & Co,8/29/2016 - 3/9/2017,8/18/2017,"Tuesday, June 6, 2017","Wednesday, July 5, 2017"
"Dutch, LLC","6/9/2016 - 6/6/2017, 12/25/2016 - 1/26/2017",8/17/2017,"Friday, June 9, 2017","Thursday, August 17, 2017"
Performant Financial Corporation,1/27/2017 - 2/2/2017,8/14/2017,"Friday, April 7, 2017","Friday, August 11, 2017"
Steel Technology LLC dba Hydro Flask,5/2/2017,7/28/2017,"Tuesday, May 2, 2017","Wednesday, July 26, 2017"
Avanti Markets Inc.,7/2/2017 - 7/4/2017,7/24/2017,"Tuesday, July 4, 2017","Friday, July 7, 2017"
"SBE ENT Holdings, LLC",8/10/2016 - 3/9/2017,7/22/2017,"Tuesday, June 6, 2017","Friday, July 14, 2017"
"The Buckle, Inc ",10/28/2016 - 4/14/2017,7/21/2017,"Friday, June 16, 2017",
"Value Eyecare Network, Inc. d/b/a 39DollarGlasses.com",5/31/2017,7/21/2017,"Thursday, June 8, 2017","Friday, July 21, 2017"
"Keller Williams Realty, Inc.",5/6/2017 - 5/10/2017,7/18/2017,"Sunday, June 25, 2017","Wednesday, July 19, 2017"
"Apartment Management Consultants, LLC",6/29/2017 - 7/3/2017,7/14/2017,"Monday, July 3, 2017","Wednesday, July 5, 2017"
"Two Roads Hospitality, LLC",8/10/2016 - 3/9/2017,7/14/2017,"Tuesday, June 6, 2017","Friday, July 14, 2017"
Burdette Smith & Bish LLC,3/23/2017 - 4/12/2017,7/14/2017,"Wednesday, April 12, 2017","Friday, July 14, 2017"
Spark Pay Online Store,4/10/2017 - 6/7/2017,7/12/2017,"Tuesday, June 6, 2017","Thursday, June 15, 2017"
"Aetna, Inc. ",2/1/2017 - 4/28/2017,7/10/2017,"Monday, April 24, 2017","Wednesday, June 21, 2017"
"Preferred Hotel Group, Inc ",8/10/2016 - 3/9/2017,7/7/2017,,
"Gracenote, A Nielsen Company",5/18/2017,6/23/2017,"Friday, May 19, 2017","Tuesday, June 20, 2017"
"Caliber Home Loans, Inc.",1/18/2017 - 4/5/2017,6/23/2017,"Tuesday, March 14, 2017","Friday, June 23, 2017"
"Kayser-Roth, Inc.",2/1/2016 - 12/31/2016,6/20/2017,"Monday, February 6, 2017","Tuesday, June 20, 2017"
Home Point Financial Corporation,,6/20/2017,"Thursday, March 30, 2017","Tuesday, June 27, 2017"
Airway Oxygen Inc.,4/18/2017,6/16/2017,"Tuesday, April 18, 2017","Thursday, June 1, 2017"
SMH Enterprises,5/30/2017 - 5/30/2017,6/9/2017,"Tuesday, May 30, 2017","Thursday, June 8, 2017"
Washington State University,4/21/2017 - 4/21/2017,6/9/2017,"Wednesday, April 26, 2017","Friday, June 9, 2017"
"Freedom Smokes, Inc.",3/7/2017 - 4/25/2017,6/7/2017,"Tuesday, April 11, 2017","Wednesday, June 7, 2017"
"GameStop, Inc",,6/5/2017,,
Signature Hardware Inc.,4/28/2017 - 5/30/2017,6/2/2017,"Friday, May 5, 2017","Friday, June 2, 2017"
BMO Harris Bank N.A.,5/15/2017 - 5/15/2017,5/31/2017,"Wednesday, May 17, 2017","Thursday, May 25, 2017"
"Chipotle Mexixan Grill, Inc.",3/24/2017 - 4/18/2017,5/26/2017,"Wednesday, April 5, 2017","Friday, May 26, 2017"
"TALX Corporation, a wholly owned subsidiary of Equifax, Inc.",1/4/2016 - 3/29/2017,5/23/2017,"Monday, April 24, 2017","Thursday, May 11, 2017"
"Incipio, LLC",2/26/2016 - 12/5/2016,5/23/2017,"Tuesday, November 1, 2016","Tuesday, May 23, 2017"
"Rite Aid Online Store, Inc.",1/30/2017 - 4/11/2017,5/18/2017,"Tuesday, April 11, 2017","Wednesday, May 17, 2017"
"Nicopure Labs, LLC",,5/16/2017,"Monday, April 3, 2017","Tuesday, May 16, 2017"
Indigo Wild,11/14/2016 - 4/17/2017,5/12/2017,"Monday, April 17, 2017","Friday, May 12, 2017"
Lane Community College Health Clinic,3/8/2016 - 2/2/2017,5/9/2017,"Friday, February 3, 2017","Thursday, March 16, 2017"
"Marbles, LLC",2/1/2016 - 12/31/2016,5/8/2017,"Tuesday, November 1, 2016","Wednesday, April 19, 2017; Tuesday, April 25, 2017"
"RM Acquisition, LLC d/b/a Rand McNally",4/12/2016 - 3/2/2017,5/5/2017,"Tuesday, February 28, 2017; Tuesday, April 11, 2017","Friday, March 10, 2017; Friday, May 5, 2017"
George Fox University,1/16/2017 - 1/16/2017,4/21/2017,"Tuesday, April 11, 2017","Friday, April 21, 2017"
"Combat Brands, LLC",7/1/2015 - 2/23/2017,4/17/2017,"Thursday, February 23, 2017","Friday, April 14, 2017"
"Six Continents Hotels, Inc. (d/b/a InterContinental Hotels Group)",9/29/2016 - 12/29/2016,4/14/2017,"Tuesday, February 28, 2017","Friday, April 14, 2017"
Tempur-Pedic,2/15/2016 - 9/30/2016,4/12/2017,"Tuesday, November 15, 2016","Tuesday, April 4, 2017"
"Solera Holdings, Inc. ",,4/7/2017,"Monday, March 13, 2017","Friday, March 31, 2017"
Multnomah County Data Breach,8/24/2012 - 12/23/2016,4/6/2017,"Tuesday, November 22, 2016","Saturday, January 21, 2017"
"Easy Breathe, Inc.",2/10/2017 - 2/10/2017,3/27/2017,"Friday, February 10, 2017","Monday, March 27, 2017"
"Aptos, Inc",2/1/2016 - 12/31/2016,3/24/2017,"Tuesday, November 15, 2016",
"Bambeco, Inc",2/1/2016 - 12/31/2016,3/24/2017,"Tuesday, November 15, 2016","Monday, March 6, 2017"
Federal Process Corporation,2/23/2017 - 2/23/2017,3/23/2017,"Thursday, February 23, 2017","Monday, February 27, 2017"
"Bulletproof 360, Inc.",10/26/2016 - 1/31/2017,3/21/2017,"Thursday, February 23, 2017","Tuesday, March 21, 2017"
"St. Charles Health System, Inc",10/8/2014 - 1/16/2016,3/16/2017,"Monday, January 16, 2017","Thursday, March 16, 2017"
BBB Industries LLC,3/9/2017 - 3/9/2017,3/13/2017,"Thursday, March 9, 2017","Monday, March 13, 2017"
"Bluemercury, inc.",2/1/2016 - 12/31/2016,3/10/2017,"Monday, November 28, 2016","Thursday, February 23, 2017"
"Century, LLC",2/1/2016 - 12/31/2016,3/10/2017,"Wednesday, February 8, 2017","Sunday, February 19, 2017"
"Movie Mars, Inc",2/1/2016 - 12/31/2016,3/10/2017,"Monday, February 6, 2017",
"Nutrex Hawaii, Inc",2/1/2016 - 12/31/2016,3/10/2017,"Tuesday, November 1, 2016","Friday, February 24, 2017"
"Plow and Hearth, LLC",2/1/2016 - 12/31/2016,3/10/2017,"Monday, February 6, 2017","Monday, February 27, 2017; Friday, March 10, 2017"
"Vapour Organic Beauty, LLC",2/1/2016 - 12/31/2016,3/10/2017,"Thursday, February 9, 2017",
Alpha Industries,2/1/2016 - 12/31/2016,3/9/2017,"Tuesday, November 1, 2016","Monday, February 27, 2017; Friday, March 3, 2017"
Atlantic Cigar ,2/1/2016 - 12/31/2016,3/9/2017,"Friday, February 10, 2017","Wednesday, March 1, 2017"
prAna,12/14/2016 - 2/6/2017,3/8/2017,"Monday, February 6, 2017","Wednesday, March 8, 2017"
West Music Company,2/1/2016 - 12/31/2016,3/3/2017,"Monday, February 6, 2017","Friday, March 3, 2017"
Redmond School District ,2/24/2017,2/28/2017,"Monday, February 27, 2017","Monday, February 27, 2017"
Intex Recreation Corp.,4/24/2016 - 12/14/2016,2/27/2017,"Friday, February 3, 2017","Thursday, February 23, 2017"
Affy Tapple,,2/27/2017,,
Mrs Prindables ,2/1/2016 - 12/3/2016,2/27/2017,"Tuesday, November 1, 2016","Friday, March 3, 2017"
Abbott Nutrition,,2/24/2017,"Monday, February 6, 2017","Thursday, February 23, 2017"
"Roberts Hawaii, Inc.",12/14/2016,2/24/2017,,
Pure Yoga LLC,9/6/2016 - 12/18/2016,2/7/2017,"Sunday, January 22, 2017","Sunday, January 22, 2017"
"DBM Global, Inc.",1/7/2017 - 1/7/2017,2/1/2017,"Saturday, January 7, 2017","Monday, January 23, 2017; Thursday, January 26, 2017"
"Charles Komar & Sons, Inc.",3/1/2015 - 12/1/2016,1/26/2017,"Thursday, December 1, 2016","Thursday, January 26, 2017"
"CoPilot Provider Support Services, Inc.",,1/19/2017,"Wednesday, December 23, 2015","Wednesday, January 18, 2017"
"Spiraledge, Inc.",,1/12/2017,,
"International Association of Sheet Metal, Air, Rail & Transport Workers, Sheet Metal Workers' Local ",10/3/2016,12/30/2016,"Wednesday, November 16, 2016","Friday, December 30, 2016"
Providence Health & Services,10/25/2016 - 10/28/2016,12/29/2016,"Thursday, October 27, 2016","Wednesday, December 21, 2016"
"Cascade Management, Inc.",,12/29/2016,"Tuesday, November 1, 2016",
Western Union Financial Services,7/1/2016,12/27/2016,,"Tuesday, December 20, 2016"
Quest Diagnostics,11/26/2016,12/12/2016,"Monday, November 28, 2016","Monday, December 12, 2016"
Asante,6/23/2014 - 10/22/2016,12/9/2016,"Monday, October 17, 2016","Friday, December 9, 2016"
Michigan State University,11/13/2016,12/9/2016,,"Tuesday, November 22, 2016"
Primerica,9/4/2016,11/23/2016,"Monday, September 12, 2016","Wednesday, November 23, 2016"
Island Hotel Company Limited,3/9/2016,11/23/2016,"Friday, October 21, 2016","Monday, November 21, 2016"
The Madison Square Garden Company,11/9/2015,11/22/2016,"Thursday, October 27, 2016","Tuesday, November 22, 2016"
Springfield Armory,10/3/2015,11/18/2016,"Wednesday, October 5, 2016","Friday, November 18, 2016"
"Charles Schwab & Co., Inc.",3/25/2016,11/11/2016,"Thursday, April 14, 2016","Wednesday, May 4, 2016"
WINDY RIDGE ACCOUNTING & TAX SERVICE,10/22/2016 - 10/23/2016,11/10/2016,"Monday, October 24, 2016","Tuesday, October 25, 2016 -  Thursday, November 3, 2016;  Thursday, November 10, 2016"
UFCW Local 655 Food Employers Joint Pension Plan,7/14/2016,11/9/2016,"Sunday, October 30, 2016","Wednesday, November 9, 2016"
"Eileen Fisher, Inc.",9/7/2016 - 10/24/2016,11/9/2016,"Sunday, October 30, 2016","Wednesday, November 9, 2016"
"Ameriprise Financial, Inc.",,11/7/2016,,"Monday, November 7, 2016"
"National Wholesale Company, Inc.",9/2/2016 - 10/15/2016,11/4/2016,"Friday, October 14, 2016","Friday, November 4, 2016"
Sentinel Hotel,7/12/2016,11/4/2016,"Wednesday, October 5, 2016","Friday, November 4, 2016"
Kaiser Foundation Health Plan of the Northwest,10/12/2016 - 10/13/2016,11/4/2016,"Thursday, October 13, 2016","Friday, November 4, 2016"
Liberty Buy Sell,,10/17/2016,"Wednesday, September 21, 2016",
"Vera Bradley, Inc",7/25/2016,10/12/2016,"Thursday, September 15, 2016","Wednesday, October 12, 2016"
Winston Dillard School District #116,"5/15/2016, 9/12/2016 - 9/13/2016",10/3/2016,,"Monday, September 19, 2016"
"Jerry's Artarama NC, Inc",5/3/2016 - 7/10/2016,9/29/2016,"Thursday, July 7, 2016","Friday, July 29, 2016"
Rebecca Minkoff,,9/29/2016,"Wednesday, August 10, 2016","Friday, September 9, 2016"
New Jersey Spine Center,7/27/2016,9/22/2016,"Wednesday, July 27, 2016","Thursday, September 22, 2016"
ACTIVEOutdoors,,9/19/2016,,"Monday, September 19, 2016"
"KontrolFreek, LLC",10/21/2015 - 4/7/2016,9/16/2016,,"Thursday, June 30, 2016; Monday, August 22, 2016"
Asante,"8/18/2014, 7/21/2016",9/9/2016," Wednesday, July 13, 2016; Thursday, July 21, 2016","Friday, September 9, 2016"
Noble House Hotels & Resorts,"4/25/2016, 8/5/2016",9/2/2016,"Friday, August 5, 2016","Friday, September 2, 2016"
"Kimpton Hotels & Restaurant Group, LLC",2/16/2016,8/31/2016,"Friday, July 15, 2016","Wednesday, August 31, 2016"
"Schwan's Home Service, Inc",10/9/2015,8/31/2016,"Monday, August 1, 2016","Thursday, August 4, 2016"
"Howard R. Jarvis, D.M.D., L.L.C. dba Southwest Portland Dental","1/30/2012, 7/30/2016",8/30/2016,"Saturday, January 30, 2016","Tuesday, August 30, 2016"
Michelle A. Pecora CPA P.C.,7/27/2016 - 8/2/2016,8/25/2016,"Tuesday, August 2, 2016","Monday, August 8, 2016"
"MedAltus, LLC",5/3/2016,8/24/2016,"Wednesday, June 29, 2016","Thursday, July 28, 2016"
Symphonix Life & Disability,5/28/2016,8/19/2016,"Monday, August 1, 2016","Friday, August 19, 2016"
Eddie Bauer LLC,1/2/2016 - 7/17/2016,8/18/2016,"Friday, July 15, 2016","Thursday, August 18, 2016"
"Newkirk Products, Inc.",5/21/2016,8/17/2016,"Wednesday, July 6, 2016","Monday, August 8, 2016"
"Valley Anesthesiology Consultants, Inc., d/b/a Valley Anesthesiology and Pain Consultants",3/30/2016,8/12/2016,"Monday, June 13, 2016","Friday, August 12, 2016"
Banner Health,6/17/2016 - 7/7/2016,8/3/2016,"Thursday, July 7, 2016; Wednesday, July 13, 2016","Wednesday, August 3, 2016"
"NLU Products, LLC","4/20/2015, 6/23/2016",7/27/2016,"Wednesday, June 8, 2016","Wednesday, July 6, 2016"
Comnet Marketing Group,4/22/2016 - 4/24/2016,7/22/2016,"Friday, April 22, 2016","Tuesday, July 12, 2016"
Omni Hotels and Resorts,12/23/2015 - 6/14/2016,7/21/2016,"Monday, May 30, 2016","Friday, July 8, 2016"
"CiCi Enterprises, LP","6/30/2015, 7/19/2016",7/20/2016,"Saturday, March 5, 2016","Tuesday, July 19, 2016"
"Group W. Partners, LLC","12/2/2015, 6/14/2016",7/7/2016,"Tuesday, June 7, 2016",
"Joshua, Inc.","12/2/2015, 6/14/2016",7/7/2016,"Tuesday, June 7, 2016","Thursday, July 7, 2016"
"PNV Restaurants, Inc.","1/13/2016, 6/8/2016",7/7/2016,"Tuesday, June 7, 2016","Thursday, July 7, 2016"
Noodles & Company,,6/29/2016,,
Hard Rock Hotel & Casino Las Vegas,10/27/2015,6/27/2016,"Friday, May 13, 2016","Monday, June 27, 2016"
"Stamford Podiatry Group, PC",2/12/2016 - 4/14/2016,6/20/2016,"Thursday, April 14, 2016","Wednesday, May 25, 2016"
Acer Service Corporation,5/12/2015,6/14/2016,"Tuesday, April 26, 2016","Friday, June 3, 2016"
Certifikid,1/25/2016 - 3/19/2016,5/27/2016,"Friday, March 25, 2016","Thursday, May 5, 2016"
The Kroger Co,1/31/2016,5/27/2016,"Wednesday, April 27, 2016","Tuesday, May 3, 2016; Thursday, May 5, 2016; Wednesday, May 25, 2016"
Flurish Inc. dba LendUp,6/21/2012,5/16/2016,"Friday, April 1, 2016","Wednesday, May 11, 2016"
"Hi-Tec Sports USA, Inc.",1/24/2016,5/11/2016,"Friday, March 11, 2016","Friday, April 29, 2016;  Wednesday, May 11, 2016"
"Puppet, Inc.",3/1/2016,5/9/2016,"Wednesday, April 13, 2016","Wednesday, April 27, 2016"
EqualizeRCM Systems,2/26/2016,5/6/2016,"Monday, February 29, 2016","Thursday, April 28, 2016"
ProSchools,2/4/2016 - 3/16/2016,5/2/2016,,"Friday, April 15, 2016"
DOTERRA INTERNATIONAL LLC,3/1/2016,5/2/2016,,"Monday, April 18, 2016"
Michels Corporation,4/16/2016,4/27/2016,"Monday, April 18, 2016","Wednesday, April 27, 2016"
"Advanced International Marketing, Inc.",4/4/2016,4/26/2016,,"Wednesday, March 16, 2016"
Advance Auto Parts,3/7/2016,4/14/2016,"Friday, March 4, 2016","Monday, April 11, 2016"
"Schwaab, Inc.","1/22/2014, 8/21/2015, 11/30/2015, 2/4/2016",4/11/2016,"Friday, March 4, 2016","Monday, April 11, 2016"
"Wynden Stark, dba GQR Global Markets/City Internships ",4/1/2016,4/8/2016,"Friday, April 1, 2016","Thursday, April 7, 2016"
JB AUTOSPORTS INC,8/1/2015 - 11/9/2015,3/2/2016,,"Friday, January 8, 2016"
Baileys,9/25/2015 - 1/13/2016,3/2/2016,"Monday, January 11, 2016",
Bay Area Chiropractic Center LLC,6/1/2015 - 8/31/2015,2/23/2016,"Thursday, December 10, 2015","Tuesday, December 22, 2015"
"Gyft, Inc.",10/3/2015 - 12/18/2015,2/5/2016,,"Friday, February 5, 2016"
"Landry's, Inc., Golden Nugget Atlantic City, LLC, Golden Nugget Lake Charles, LLC, GNL Corp., GNLV C","5/4/2014 - 3/15/2015, 5/5/2015 - 12/3/2015",1/29/2016,"Thursday, December 3, 2015","Friday, January 29, 2016"
"HSBC Bank USA, National Association",12/7/2015 - 12/8/2015,1/14/2016,"Thursday, December 10, 2015","Monday, January 11, 2016"
Accuform Manufacturing Inc,6/30/2015,11/3/2015,"Monday, September 21, 2015","Monday, October 19, 2015"
T-Mobile / Experian,9/15/2015,10/30/2015,"Tuesday, September 15, 2015","Monday, September 21, 2015"
