Organization Name,Letter URL,Reported Date,Date of Breach,End Date
"Applications Software Technology, LLC",https://agportal-s3bucket.s3.amazonaws.com/uploadedfiles/Another/Supporting_Law_Enforcement/ApplicationsSoftwareTechnologyLLC.2020-04-15.pdf,4/15/2020,3/9/2020,
Northshore Utility District,https://agportal-s3bucket.s3.amazonaws.com/uploadedfiles/Another/NorthshoreUtilityDistrict.2020-04-08.pdf,4/1/2020,2/12/2020,
"Avalon Health Care Management, Inc.",https://agportal-s3bucket.s3.amazonaws.com/uploadedfiles/Another/Supporting_Law_Enforcement/AvalonHealthCareManagementInc.2020-03-16.pdf,3/16/2020,Unspecified,Unspecified
Vimly Benefits Solutions (Update),https://agportal-s3bucket.s3.amazonaws.com/uploadedfiles/Another/Supporting_Law_Enforcement/VimlyBenefitSolutionsUpdated.2020-03-16.pdf,3/16/2020,Unspecified,Unspecified
Washington State Patrol,https://agportal-s3bucket.s3.amazonaws.com/uploadedfiles/Another/Supporting_Law_Enforcement/WashingtonStatePatrol.2020-03-11.pdf,3/11/2020,2/11/2020,
"Woods & Woods, LLC",https://agportal-s3bucket.s3.amazonaws.com/uploadedfiles/Another/Supporting_Law_Enforcement/WoodsAndWoodsLLC.2020-03-10.pdf,3/10/2020,Unspecified ,Unspecified
Witchita State University,https://agportal-s3bucket.s3.amazonaws.com/uploadedfiles/Another/WitchitaStateUniversity.2020-03-10.pdf,3/10/2020,12/3/2019,12/5/2019
Torrance Memorial Medical Center,https://agportal-s3bucket.s3.amazonaws.com/uploadedfiles/Another/Supporting_Law_Enforcement/TorranceMemorialMedicalCenter2020-03-11.pdf,3/6/2020,6/20/2019,12/13/2019
Carnival Corporation & PLC,https://agportal-s3bucket.s3.amazonaws.com/uploadedfiles/Another/Supporting_Law_Enforcement/CarnivalCorporationAndPLC.2020-03-02.pdf,3/2/2020,4/11/2019,7/23/2019
Railworks Corporation,https://agportal-s3bucket.s3.amazonaws.com/uploadedfiles/Another/Supporting_Law_Enforcement/RailworksCorporation.2020-02-27.pdf,2/27/2020,Unspecified,Unspecified
AFTRA Retirement Fund,https://agportal-s3bucket.s3.amazonaws.com/uploadedfiles/Another/Supporting_Law_Enforcement/AFTRARetirementFund.2020-02-25.pdf,2/25/2020,10/24/2019,10/28/2019
"The UPS Store, Inc. (Update)",https://agportal-s3bucket.s3.amazonaws.com/uploadedfiles/Another/Supporting_Law_Enforcement/TheUPSStoreInc.Updated.2020-02-20.pdf,2/20/2020,9/29/2019,1/24/2020
Aveanna Healthcare,https://agportal-s3bucket.s3.amazonaws.com/uploadedfiles/Another/Supporting_Law_Enforcement/AveannaHealthcare.2020-02-14.pdf,2/14/2020,7/9/2019,8/24/2019
Smile Surfers,https://agportal-s3bucket.s3.amazonaws.com/uploadedfiles/Another/Supporting_Law_Enforcement/SmileSurfersLLC.2020-02-14.pdf,2/14/2020,8/19/2019,9/20/2019
City of Lacey (Update),http://agportal-s3bucket.s3.amazonaws.com/uploadedfiles/Home/Supporting_Law_Enforcement/CityOfLaceyUpdate.2020-01-28.pdf,1/28/2020,8/27/2019,10/28/2019
"Oostra Rouw & Associates, Inc. (ORA, Inc.)",https://agportal-s3bucket.s3.amazonaws.com/uploadedfiles/Home/Supporting_Law_Enforcement/OostraRouwAndAssociatesInc.2019-01-24.pdf,1/24/2020,12/26/2019,
"The UPS Store, Inc. ",https://agportal-s3bucket.s3.amazonaws.com/uploadedfiles/Another/Supporting_Law_Enforcement/TheUPSStoreInc.2020-01-20.pdf,1/20/2020,9/29/2019,1/13/2020
"Hanna Andersson, LLC",https://agportal-s3bucket.s3.amazonaws.com/uploadedfiles/Another/Supporting_Law_Enforcement/HannaAnderssonLLC.2020-01-15.pdf,1/15/2020,9/16/2019,11/11/2019
"Calibre CPA Group (""Calibre"")",https://agportal-s3bucket.s3.amazonaws.com/uploadedfiles/Home/Supporting_Law_Enforcement/CalibreCPAGroupUpdate.2020-01-15.pdf,1/15/2020,03/11/2019 05/07/2019,
"Landry's, Inc.",https://agportal-s3bucket.s3.amazonaws.com/uploadedfiles/Home/Supporting_Law_Enforcement/Landry%27sInc.2019-12-31.pdf,12/31/2019,3/18/2019,10/17/2019; 01/18/2019
Evolucion Innovations Inc. (evo.com),https://agportal-s3bucket.s3.amazonaws.com/uploadedfiles/Another/Supporting_Law_Enforcement/EvolucionInnovationsInc.2019-12-31.pdf,12/31/2019,11/8/2019; 11/27/2019; 12/03/2019,11/21/2019; 12/05/2019
"Vimly Benefit Solutions, Inc. (Oregon Homecare Workers Supplemental Trust)",https://agportal-s3bucket.s3.amazonaws.com/uploadedfiles/Another/Supporting_Law_Enforcement/VimlyBenefitSolutionsInc%28OregonHomeCareWorkersBenefitTrust%29.2019-12-19.pdf,12/19/2019,Unspecified,Unspecified
"Vimly Benefit Solutions, Inc. (Northwest Fire Fighters Trust)",https://agportal-s3bucket.s3.amazonaws.com/uploadedfiles/Another/Supporting_Law_Enforcement/VimlyBenefitSolutionsInc%28NWFirefightersTrust%29.2019-12-19.pdf,12/18/2019,Unspecified,Unspecified
"Jambav, Inc.",https://agportal-s3bucket.s3.amazonaws.com/uploadedfiles/Another/Supporting_Law_Enforcement/JambavIncDbaToonDoo.com.2019-12-13.pdf,12/13/2019,Unspecified,Unspecified
"Choice Hotels International, Inc.",https://agportal-s3bucket.s3.amazonaws.com/uploadedfiles/Another/Supporting_Law_Enforcement/ChoiceHotelsInternationalInc.2019-11-29.pdf,11/29/2019,8/15/2019,11/19/2019
Washington State Employees Credit Union,https://agportal-s3bucket.s3.amazonaws.com/uploadedfiles/Another/Supporting_Law_Enforcement/WSECU.pdf,11/27/2019,2/17/2019,2/19/2019
"The UPS Store, Inc.",https://agportal-s3bucket.s3.amazonaws.com/uploadedfiles/Another/Supporting_Law_Enforcement/TheUPSStoreInc.2019-12-04.pdf,11/26/2019,10/11/2019,10/22/2019
ARINC Incorporated (Collins Aerospace),https://agportal-s3bucket.s3.amazonaws.com/uploadedfiles/Another/Supporting_Law_Enforcement/ARINCIncorporated%28CollinsAerospace%29.2019-11-20.pdf,11/20/2019,10/7/2019,
Cadence Aerospace,https://agportal-s3bucket.s3.amazonaws.com/uploadedfiles/Another/Supporting_Law_Enforcement/CadenceAerospace.2019-11-20.pdf,11/20/2019,10/24/2019,
City of Lacey,https://agportal-s3bucket.s3.amazonaws.com/uploadedfiles/Home/Supporting_Law_Enforcement/CityOfLacey.2019-11-15.pdf,11/15/2019,8/27/2019,10/28/2019
"Macy's, Inc.",https://agportal-s3bucket.s3.amazonaws.com/uploadedfiles/Another/Supporting_Law_Enforcement/Macy%27sInc.2019-11-14.pdf,11/14/2019,10/7/2019,10/15/2019
"Green Roads of Florida, LLC",https://agportal-s3bucket.s3.amazonaws.com/uploadedfiles/Another/Supporting_Law_Enforcement/GreenRoadsOfFloridaLLC.pdf,11/14/2019,7/9/2019,10/9/2019
"Solara Medical Supplies, LLC",https://agportal-s3bucket.s3.amazonaws.com/uploadedfiles/Another/Supporting_Law_Enforcement/SolaraMedicalSuppliesLLC.2019-12-13.pdf,11/13/2019,4/2/2019,6/20/2019
First Aid Beauty Limited,https://agportal-s3bucket.s3.amazonaws.com/uploadedfiles/Another/Supporting_Law_Enforcement/FirstAidBeautyLimited.2019-11-08.pdf,11/8/2019,4/15/2019,10/25/2019
"Nutraceutical Wellness, Inc. ",https://agportal-s3bucket.s3.amazonaws.com/uploadedfiles/Another/Supporting_Law_Enforcement/NutraceuticalWellnessIncDbaNutrafol.2019-10-16.pdf,10/16/2019,Unspecified ,Unspecified
"Eye Buy Direct, Inc. ",https://agportal-s3bucket.s3.amazonaws.com/uploadedfiles/Another/Supporting_Law_Enforcement/EyeBuyDirectInc.2019-10-15.pdf,10/15/2019,Unspecified ,Unspecified
Calibre CPA Group,https://agportal-s3bucket.s3.amazonaws.com/uploadedfiles/Another/Supporting_Law_Enforcement/CalibreCPAGroup.2019-10-10_1.pdf,10/10/2019,3/11/2019,5/7/2019
Toyota Financial Services,https://agportal-s3bucket.s3.amazonaws.com/uploadedfiles/Another/Supporting_Law_Enforcement/ToyotaFinancialServices.2019-10-03.pdf,10/3/2019,9/4/2019,
DoorDash Inc.,https://agportal-s3bucket.s3.amazonaws.com/uploadedfiles/Another/Supporting_Law_Enforcement/DoorDashInc.2019-09-27.pdf,9/26/2019,5/4/2019,
"Majoris Health Systems, Inc.",https://agportal-s3bucket.s3.amazonaws.com/uploadedfiles/Another/Supporting_Law_Enforcement/MajorisHealthSystemsInc.2019-09-24.pdf,9/24/2019,Unspecified ,Unspecified
Amateur Athletic Union,https://agportal-s3bucket.s3.amazonaws.com/uploadedfiles/Another/Supporting_Law_Enforcement/AmateurAthleticUnion.2019-09-13.pdf,9/13/2019,10/1/2018,7/2/2019
Riggs Wealth Management (Update),https://agportal-s3bucket.s3.amazonaws.com/uploadedfiles/Another/Supporting_Law_Enforcement/RiggsWealthManagementUpdated.2019-09-13.pdf,9/13/2019,6/14/2019,6/17/2019
Peoples Injury Network Northwest,https://agportal-s3bucket.s3.amazonaws.com/uploadedfiles/Another/Supporting_Law_Enforcement/PeoplesInjuryNetworkNorthwest.2019-09-12.pdf,9/12/2019,4/22/2019,
"Ascension Data & Analytics, LLC and Stanwich Mortgage Loan Trust (Update)",https://agportal-s3bucket.s3.amazonaws.com/uploadedfiles/Another/Supporting_Law_Enforcement/StanwichMortgageLoanTrustUpdated.2019-09-11.pdf,9/11/2019,2/18/2019,1/19/2019
"CafePress, Inc. ",https://agportal-s3bucket.s3.amazonaws.com/uploadedfiles/Another/Supporting_Law_Enforcement/Regence.2019-08-16_0.pdf,9/4/2019,~02/19/2019,
"Creation Entertainment, Inc.",https://agportal-s3bucket.s3.amazonaws.com/uploadedfiles/Another/Supporting_Law_Enforcement/CreationEntertainmentInc.2019-08-26.pdf,8/26/2019,2/1/2018,10/10/2018
Georgia Institute of Technology (Updated),https://agportal-s3bucket.s3.amazonaws.com/uploadedfiles/Another/Supporting_Law_Enforcement/GeorgiaInstituteOfTechnologyUpdated.2019-08-16.pdf,8/16/2019,12/14/2018,3/22/2019
Regence,https://agportal-s3bucket.s3.amazonaws.com/uploadedfiles/Another/Supporting_Law_Enforcement/Regence.2019-08-16.pdf,8/16/2019,7/25/2019,
Grays Harbor Community Hospital,https://agportal-s3bucket.s3.amazonaws.com/uploadedfiles/Another/Supporting_Law_Enforcement/GraysHarborCommunityHospital.2019-08-14.pdf,8/14/2019,Unspecified ,Unspecified
"Trusted Tours & Attractions, LLC",https://agportal-s3bucket.s3.amazonaws.com/uploadedfiles/Another/Supporting_Law_Enforcement/TrustedToursAndAttractionsLLC.2019-07-29.pdf,7/29/2019,3/24/2019,6/27/2019
Community Psychiatric Clinic,https://agportal-s3bucket.s3.amazonaws.com/uploadedfiles/Another/Supporting_Law_Enforcement/CommunityPsychiatricClinic.2019-07-27.pdf,7/27/2019,Unspecified,Unspecified
"Laboratory Medicine Consultants, LTD.",https://agportal-s3bucket.s3.amazonaws.com/uploadedfiles/Another/Supporting_Law_Enforcement/LaboratoryMedicineConsultantsLtd.2019-07-24.pdf,7/24/2019,3/21/2019,
"Clinical Pahology Laboratories, Inc. ",https://agportal-s3bucket.s3.amazonaws.com/uploadedfiles/Another/Safeguarding_Consumers/ClinicalPathologyLaboraties.2019-07-15.pdf,7/15/2019,3/21/2019,
"Northwood, Inc.",https://agportal-s3bucket.s3.amazonaws.com/uploadedfiles/Another/Safeguarding_Consumers/NorthwoodInc.2019-07-15.pdf,7/15/2019,05/03/2019; 05/06/2019,
Laboratory Corporation of America Holdings (LabCorp),https://agportal-s3bucket.s3.amazonaws.com/uploadedfiles/Another/Safeguarding_Consumers/LaboratoryCorporationOfAmericaHoldings.2019-7-13.pdf,7/13/2019,8/1/2018,3/30/2019
Stanwich Morgage Loan Trust (update),https://agportal-s3bucket.s3.amazonaws.com/uploadedfiles/Another/Supporting_Law_Enforcement/StanwichMortgageLoanTrustUpdated.2019-07-10.pdf,7/10/2019,2/18/2019,1/19/2019
Sprint Corporation,https://agportal-s3bucket.s3.amazonaws.com/uploadedfiles/Another/Supporting_Law_Enforcement/SprintCorporation.2019-07-09.pdf,7/9/2019,Unspecified ,Unspecified 
Riggs Wealth Management,https://agportal-s3bucket.s3.amazonaws.com/uploadedfiles/Another/Supporting_Law_Enforcement/RiggsWealthManagement.2019-07-03.pdf,7/3/2019,6/14/2019,6/17/2019
"Dominion Dental Services, Inc.",https://agportal-s3bucket.s3.amazonaws.com/uploadedfiles/Another/Supporting_Law_Enforcement/DominionNational.2019-06-21.pdf,6/21/2019,As early as 08/25/2010,
Darwin's Natural Pet Products,https://agportal-s3bucket.s3.amazonaws.com/uploadedfiles/Another/Supporting_Law_Enforcement/Darwin%E2%80%99sNaturalPetProducts.2019-06-07.pdf,6/7/2019,9/27/2016,3/16/2019
Princess Polly Group Pty Ltd,https://agportal-s3bucket.s3.amazonaws.com/uploadedfiles/Another/Supporting_Law_Enforcement/PrincessPollyGroupPtyLtd.2019-06-07.pdf,6/7/2019,11/1/2018,4/29/2019
"Acrisure, LLC",https://agportal-s3bucket.s3.amazonaws.com/uploadedfiles/Another/Supporting_Law_Enforcement/AcrisureLLCdbaFiliceInsuranceAgency.2019-06-06.pdf,6/6/2019,Unspecified ,Unspecified 
Washington Department of Health,https://agportal-s3bucket.s3.amazonaws.com/uploadedfiles/Another/Supporting_Law_Enforcement/WashingtonStateDepartmentOfHealth.2019-06-03.pdf,6/3/2019,19-Feb,
Retrieval Masters Creditors Bureau Inc.,https://agportal-s3bucket.s3.amazonaws.com/uploadedfiles/Another/Supporting_Law_Enforcement/RetrievalMastersCreditorsBureauInc.2019-06-03.pdf,6/3/2019,8/1/2019,3/30/2019
Mediant Communications Inc.,https://agportal-s3bucket.s3.amazonaws.com/uploadedfiles/Another/Supporting_Law_Enforcement/MediantCommunicationsInc.pdf,5/28/2019,04/01/2019 ,
National Wildlife Federation,https://agportal-s3bucket.s3.amazonaws.com/uploadedfiles/Another/Supporting_Law_Enforcement/NationalWildlifeFederation.2019-05-25.pdf,5/24/2019,~04/25/2019,
"Dury Hotels Company, LLC",https://agportal-s3bucket.s3.amazonaws.com/uploadedfiles/Another/Supporting_Law_Enforcement/DruryHotelsCompanyLLC.2019-05-24.pdf,5/24/2019,12/29/2017,3/13/2019
Georgia Institute of Technology,https://agportal-s3bucket.s3.amazonaws.com/uploadedfiles/Another/Supporting_Law_Enforcement/GeorgiaInstituteOfTechnology.2019-05-22.pdf,5/22/2019,12/14/2018,3/22/2019
Service Linen Supply,https://agportal-s3bucket.s3.amazonaws.com/uploadedfiles/Another/Supporting_Law_Enforcement/ServiceLinenSupply.2019-05-22.pdf,5/21/2019,~5/14/2019,
Oklahoma Department of Securities,https://agportal-s3bucket.s3.amazonaws.com/uploadedfiles/Home/About_the_Office/AGO_Opinions/Pending_AGO_Opinions/OklahomaDepartmentOfSecurities.2019-05-10.pdf,5/10/2019,Unspecified,Unspecified 
"Sage Advisors, LLC",https://agportal-s3bucket.s3.amazonaws.com/uploadedfiles/Another/Supporting_Law_Enforcement/SageAdvisorsLLC.2019-05-10.pdf,5/9/2019,2/12/2019,3/26/2019
"Lancaster Archery Supply, Inc.",https://agportal-s3bucket.s3.amazonaws.com/uploadedfiles/Home/About_the_Office/AGO_Opinions/Pending_AGO_Opinions/LancasterArcherySupplyInc.2019-04-26.pdf,4/26/2019,7/4/2018,2/16/2019
Port of Seattle,https://agportal-s3bucket.s3.amazonaws.com/uploadedfiles/Home/Supporting_Law_Enforcement/PortOfSeattle.2019-04-26.pdf,4/26/2019,Unspecified,Unspecified 
North 40 Outfitters (update),https://agportal-s3bucket.s3.amazonaws.com/uploadedfiles/Home/Supporting_Law_Enforcement/North40OutfittersUpdated.2019-04-25.pdf,4/25/2019,12/17/2018,1/22/2019
Seattle University,https://agportal-s3bucket.s3.amazonaws.com/uploadedfiles/Home/Supporting_Law_Enforcement/SeattleUniversity.2019-04-23.pdf,4/23/2019,3/26/2019,
Area Agency on Aging and Disabilities of Southwest Washington,https://agportal-s3bucket.s3.amazonaws.com/uploadedfiles/Home/Supporting_Law_Enforcement/AreaAgencyOnAgingAndDisabilitiesOfSWWashington.2019-04-22.pdf,4/22/2019,1/15/2019,
Housing Authority of Thurston County,https://agportal-s3bucket.s3.amazonaws.com/uploadedfiles/Home/Supporting_Law_Enforcement/HousingAuthorityOfThurstonCounty.2019-04-24.pdf,4/15/2019,3/13/2019,
Archbright,https://agportal-s3bucket.s3.amazonaws.com/uploadedfiles/Home/Supporting_Law_Enforcement/Archbright.2019-04-05.pdf,4/5/2019,Unspecified,Unspecified
"AeroGrow International, Inc.",https://agportal-s3bucket.s3.amazonaws.com/uploadedfiles/Home/Supporting_Law_Enforcement/AeroGrowInternationalInc.2019-04-04.pdf,4/5/2019,10/29/2018,3/4/2019
"Jobscience, Inc. ",https://agportal-s3bucket.s3.amazonaws.com/uploadedfiles/Home/Supporting_Law_Enforcement/JobscienceInc.2019-04-03.pdf,4/3/2019,5/8/2018,
New Bit Ventures Ltd. (Coinmama.com),https://agportal-s3bucket.s3.amazonaws.com/uploadedfiles/Home/Supporting_Law_Enforcement/NewBitVenturesLtd%28Coinmama.com%29.2019-04-02.pdf,4/2/2019,18-Dec,
"Key West Hotels, LLC",https://agportal-s3bucket.s3.amazonaws.com/uploadedfiles/Home/Supporting_Law_Enforcement/KeyWestHotelsLLC.2019-04-02.pdf,4/2/2019,2/7/2018,12/13/2018
Earl Enterprises,https://agportal-s3bucket.s3.amazonaws.com/uploadedfiles/Home/Supporting_Law_Enforcement/EarlEnterprises.2019-03-29.pdf,3/29/2019,5/23/2019,3/18/2019
"HealthMarkets Insurance Agency, Inc. ",https://agportal-s3bucket.s3.amazonaws.com/uploadedfiles/Home/Supporting_Law_Enforcement/HealthMarketsInsuranceAgency.2019-04-01.pdf,3/28/2019,2/6/2019,2/12/2019
Seattle Housing Authority (update),https://agportal-s3bucket.s3.amazonaws.com/uploadedfiles/Home/Safeguarding_Consumers/Data_Breach/SeattleHousingAuthority-Updated.2019-03-22.pdf,3/19/2019,1/7/2019,
"flexPATH Strategies, LLC",https://agportal-s3bucket.s3.amazonaws.com/uploadedfiles/Home/Safeguarding_Consumers/Data_Breach/flexPATHStrategiesLLC.2019-03-15.pdf,3/15/2019,12/7/2018,
"Columbia Surgical Specialists, P.S. ",https://agportal-s3bucket.s3.amazonaws.com/uploadedfiles/Home/Safeguarding_Consumers/Data_Breach/ColumbiaSurgicalSpecialists.2019-03-07.pdf,3/7/2019,1/9/2019,
Seattle Housing Authority,https://agportal-s3bucket.s3.amazonaws.com/uploadedfiles/Home/Safeguarding_Consumers/Data_Breach/SeattleHousingAuthority.2019-02-22.pdf,2/22/2019,1/7/2019,
University of Washington Medical Center,https://agportal-s3bucket.s3.amazonaws.com/uploadedfiles/Home/Safeguarding_Consumers/Data_Breach/UniversityOfWashingtonMedicalCenter.2019-02-20.pdf,2/20/2019,12/4/2018,1/10/2019
North 40 Outfitters ,https://agportal-s3bucket.s3.amazonaws.com/uploadedfiles/Home/Safeguarding_Consumers/Data_Breach/North40Outfitters.2019-02-14.pdf,2/14/2019,2/2/2018,11/20/2018
Stanwich Mortgage Loan Trust,https://agportal-s3bucket.s3.amazonaws.com/uploadedfiles/Home/Safeguarding_Consumers/Data_Breach/StanwichMortgageLoanTrust.2019-02-12.pdf,2/12/2019,2/18/2019,1/19/2019
Pharmacy Times Office of Continuing Professional Education (update),https://agportal-s3bucket.s3.amazonaws.com/uploadedfiles/Home/Safeguarding_Consumers/Data_Breach/PharmacyTimesOfficeOfContinuingProfessionalEducationLLCUpdated.2019-02-06_0.pdf,2/6/2019,7/6/2018,
"Image-I-Nation Technologies, Inc. ",https://agportal-s3bucket.s3.amazonaws.com/Image-I-NationTechnologiesInc.2019-01-30.pdf,1/30/2019,11/1/2018,11/5/2018
"Pharmaca Integrative Pharmacy, LLC ",,1/18/2019,7/19/2018,12/12/2018
Caroline Kline Galland Home,https://agportal-s3bucket.s3.amazonaws.com/uploadedfiles/Home/Supporting_Law_Enforcement/CarolineKlineGallandHome.2019-01-11.pdf,1/11/2019,12/23/2018,
"A&A Global Imports, Inc.",https://agportal-s3bucket.s3.amazonaws.com/uploadedfiles/Home/Safeguarding_Consumers/Data_Breach/AandAGlobalImportsInc.2019-01-09.pdf,1/9/2019,8/15/2017,1/4/2019
Pharmacy Times Office of Continuing Professional Education,https://agportal-s3bucket.s3.amazonaws.com/uploadedfiles/Home/Safeguarding_Consumers/Data_Breach/PharmacyTimesOfficeOfContinuingProfessionalEducationLLCUpdated.2019-02-06.pdf,1/6/2019,7/6/2018,
Chaplaincy Health Care,https://agportal-s3bucket.s3.amazonaws.com/uploadedfiles/Home/Supporting_Law_Enforcement/ChaplaincyHealthCare.pdf,1/3/2019,11/20/2018,
"Aimbridge Hospitality Holdings, LLC",https://agportal-s3bucket.s3.amazonaws.com/uploadedfiles/Home/Safeguarding_Consumers/Data_Breach/AimbridgeHospitalityHoldingsLLC.2018-12-31.PDF,12/31/2018,6/7/2018,9/24/2018
"Bel USA, LLC",https://agportal-s3bucket.s3.amazonaws.com/uploadedfiles/Another/Supporting_Law_Enforcement/BelUSA.2016-12-26.pdf,12/26/2018,8/5/2018,11/16/2018
JAND Inc. d/b/a Warby Parker,https://agportal-s3bucket.s3.amazonaws.com/uploadedfiles/Another/Supporting_Law_Enforcement/JandIncdbaWarbyParker.2018-12-20.pdf,12/20/2018,~09/25/2018,11/18/2018
San Diego Hardware,https://agportal-s3bucket.s3.amazonaws.com/uploadedfiles/Another/Supporting_Law_Enforcement/SanDiegoHardware.2018-12-05.pdf,12/5/2018,2/5/2018,8/21/2018
"Titan Manufacturing and Distributing, Inc.",https://agportal-s3bucket.s3.amazonaws.com/uploadedfiles/Another/Supporting_Law_Enforcement/TitanManufacturingAndDistributingInc.2018-12-07.pdf,Unspecified,Unspecified,
Ontario Inc. (www.1800Flowers.ca),https://agportal-s3bucket.s3.amazonaws.com/uploadedfiles/Another/Supporting_Law_Enforcement/OntarioInc-www.1-800Flowers.ca.2018-11-30.pdf,11/30/2018,8/15/2014,9/15/2018
"Marriott International, Inc.",https://agportal-s3bucket.s3.amazonaws.com/uploadedfiles/Home/Supporting_Law_Enforcement/MarriottInternationalInc.2018-11-30.pdf,11/30/2018,Since 2014,
The Caroline Kline Galland Home,https://agportal-s3bucket.s3.amazonaws.com/uploadedfiles/Another/Supporting_Law_Enforcement/CarolineKlineGallandUpdated.2018-11-29.pdf,11/29/2018,9/14/2018,
Atrium Health,https://agportal-s3bucket.s3.amazonaws.com/uploadedfiles/Home/Supporting_Law_Enforcement/AtriumHealth.2018-11-28.pdf,11/27/2018,9/22/2018,9/29/2018
Washington State Patrol,https://agportal-s3bucket.s3.amazonaws.com/uploadedfiles/Home/Safeguarding_Consumers/Data_Breach/WashingtonStatePatrol.2018-11-27.pdf,11/27/2018,10/14/2018,
"Burgerville, LLC (Amended)",,11/27/2018,8/17/2018,9/30/2018
"British Airways, PLC",https://agportal-s3bucket.s3.amazonaws.com/uploadedfiles/Home/Safeguarding_Consumers/Data_Breach/BritishAirwaysPlc.2018-11-21.pdf,11/21/2018,8/21/2018,9/5/2018
Francesca’s Services Corporation,https://agportal-s3bucket.s3.amazonaws.com/uploadedfiles/Another/Supporting_Law_Enforcement/Francesca%27sServicesCorporation.2018-11-19.pdf,11/19/2018,12/28/2017,7/9/2018
"LPL Financial, LLC (LPL)",https://agportal-s3bucket.s3.amazonaws.com/uploadedfiles/Home/Safeguarding_Consumers/Data_Breach/LPLFinancialLLC.2018-11-16.pdf,11/16/2018,11/1/2018,
Washington State Employee Credit Union (WSECU),https://agportal-s3bucket.s3.amazonaws.com/uploadedfiles/Home/Safeguarding_Consumers/Data_Breach/WashingtonStateEmployeesCreditUnion.11-15-18.pdf,11/16/2018,Unspecified,Unspecified
"HealthEquity, Inc.",https://agportal-s3bucket.s3.amazonaws.com/uploadedfiles/Home/Safeguarding_Consumers/Data_Breach/HealthEquityInc.2018-11-15.pdf,11/15/2018,9/4/2018; 10/05/2018,10/3/2018; 10/05/2018
"Newegg, Inc.",https://agportal-s3bucket.s3.amazonaws.com/uploadedfiles/Home/Safeguarding_Consumers/Data_Breach/NeweggInc.2018-11-15.pdf,11/15/2018,8/13/2018,9/19/2018
"Stein Mart, Inc. ",https://agportal-s3bucket.s3.amazonaws.com/uploadedfiles/Home/Safeguarding_Consumers/Data_Breach/SteinMartInc.2018-11-13.pdf,11/13/2018,12/28/2017,7/9/2018
"Pharmacy Times Office of Continuing Professional Education, LLC",https://agportal-s3bucket.s3.amazonaws.com/uploadedfiles/Home/Safeguarding_Consumers/Data_Breach/PharmacyTimesOfficeOfContinuingProfessionalEducationLLC.2018-11-13.pdf,11/13/2018,5/11/2018,7/6/2018
"Collier Heggerness & Bronk CPA’s PS, Inc.",https://agportal-s3bucket.s3.amazonaws.com/uploadedfiles/Home/Safeguarding_Consumers/Data_Breach/CollierHeggernessBronkCPAsPSInc.2018-11-12.pdf,11/12/2018,9/27/2018,
"Title Nine Sports, Inc.",https://agportal-s3bucket.s3.amazonaws.com/uploadedfiles/Home/Safeguarding_Consumers/Data_Breach/TitleNineSportsInc.2018-11-12.pdf,11/12/2018,12/28/2017,8/9/2018
"Thesy, LLC",https://agportal-s3bucket.s3.amazonaws.com/uploadedfiles/Home/Safeguarding_Consumers/Data_Breach/ThesyInc.2018-11-09.pdf,11/9/2018,12/6/2017,6/27/2018
"Unified Trust Company, N.A.",https://agportal-s3bucket.s3.amazonaws.com/uploadedfiles/Home/Safeguarding_Consumers/Data_Breach/UnifiedTrustCompany.2018-11-07.PDF,11/7/2018,12/6/2017,2/25/2018
"Southwest Washington Regional Surgery Center, LLC",https://agportal-s3bucket.s3.amazonaws.com/uploadedfiles/Home/Supporting_Law_Enforcement/SouthwestWashingtonRegionalSurgeryCenter.2019-11-06.pdf,11/6/2018,Unspecified,Unspecified
"Nordstrom, Inc.",https://agportal-s3bucket.s3.amazonaws.com/uploadedfiles/Home/Safeguarding_Consumers/Data_Breach/Nordstrom.2018-11-05.PDF,11/5/2018,10/9/2018,
The Caroline Kline Galland Home d/b/a Kline Galland Home Care,https://agportal-s3bucket.s3.amazonaws.com/uploadedfiles/Home/Safeguarding_Consumers/Data_Breach/TheCarolineKlineGallandHome.2018-10-25.pdf,10/25/2018,1/1/2015,9/20/2018
Bankers Life,https://agportal-s3bucket.s3.amazonaws.com/uploadedfiles/Home/Safeguarding_Consumers/Data_Breach/BankersLife.2018-10-25.pdf,10/25/2018,5/30/2018,9/13/2018
"GS1 US, Inc.",https://agportal-s3bucket.s3.amazonaws.com/uploadedfiles/Home/Safeguarding_Consumers/Data_Breach/GS1USInc.2018-10-25.pdf,10/25/2018,7/7/2017,10/2/2018
"Challenger Sports, Inc.",https://agportal-s3bucket.s3.amazonaws.com/uploadedfiles/Home/Safeguarding_Consumers/Data_Breach/ChallengerSportsInc.2018-10-22.pdf,10/22/2018,8/26/2018; 5/9/2017,08/29/2018; 8/29/2018
Renaissance Philanthropic Solutions Group (update),https://agportal-s3bucket.s3.amazonaws.com/uploadedfiles/Home/Safeguarding_Consumers/Data_Breach/RenaissancePhilanthropicSolutionsGroupUpdate.2018-10-22.PDF,10/22/2018,6/5/2018,6/13/2018
Renaissance Philanthropic Solutions Group,https://agportal-s3bucket.s3.amazonaws.com/uploadedfiles/Home/Safeguarding_Consumers/Data_Breach/RenaissancePhilanthropicSolutionsGroup.2018-10-18.pdf,10/18/2018,6/5/2018,6/13/2018
"Northwest Surgical Specialists, P.C. d/b/a Rebound Orthopedics & Neurosurgery",https://agportal-s3bucket.s3.amazonaws.com/uploadedfiles/Home/Safeguarding_Consumers/Data_Breach/NorthwestSurgicalSpecialistsPCdbaReboundOrthopedicsNeurosurgery.2018-10-05.pdf,10/5/2018,5/22/2018,
Zenith American Solutions,https://agportal-s3bucket.s3.amazonaws.com/uploadedfiles/Another/Supporting_Law_Enforcement/ZenithAmericanSolutions.2018-10-02.pdf,10/2/2018,8/13/2018,
"Skagit Bancorp, Inc.",https://agportal-s3bucket.s3.amazonaws.com/uploadedfiles/Home/Safeguarding_Consumers/Data_Breach/SkagitBancorpInc.2018-09-11 %281%29.pdf,9/12/2018,6/12/2018,
Peaceful Valley Farm Supply,https://agportal-s3bucket.s3.amazonaws.com/uploadedfiles/Another/Supporting_Law_Enforcement/PeacefulValleyFarmSupplyInc.2018-09-12.pdf,9/11/2018,Unspecified,Unspecified
LILLEbaby,https://agportal-s3bucket.s3.amazonaws.com/uploadedfiles/Home/Supporting_Law_Enforcement/LILLEbaby.2018-08-29.pdf,8/29/2018,6/16/2018,7/18/2018
SHEIN,https://agportal-s3bucket.s3.amazonaws.com/uploadedfiles/Home/Safeguarding_Consumers/Data_Breach/SHEIN.2018-10-11.pdf,8/22/2018,6/18/2018,8/18/2018
Cheddar's Scratch Kitchen,https://agportal-s3bucket.s3.amazonaws.com/uploadedfiles/Home/Supporting_Law_Enforcement/CheddarsScratchKitchen.2018-08-22.pdf,8/22/2018,11/3/2017,1/2/2018
Overlake Arthritis and Osteoporosis Center,https://agportal-s3bucket.s3.amazonaws.com/uploadedfiles/Another/Supporting_Law_Enforcement/OverlakeArthritisOsteoporosisCenter.2018-07-12.pdf,Unspecified,5/11/2018,
Colorado Bankers Life Insurance Company,https://agportal-s3bucket.s3.amazonaws.com/uploadedfiles/Another/Supporting_Law_Enforcement/ColoradoBankersLifeInsuranceCompany.2018-08-03.pdf,8/3/2018,3/28/2018,4/13/2018
Manduka (Update),https://agportal-s3bucket.s3.amazonaws.com/uploadedfiles/Another/Supporting_Law_Enforcement/MandukaUpdate.2018-08-01.pdf,8/1/2018,2/22/2017,3/5/2018
Yale University,https://agportal-s3bucket.s3.amazonaws.com/uploadedfiles/Home/Safeguarding_Consumers/Data_Breach/YaleUniversity.2018-07-27.pdf,7/27/2018,8-Apr,9-Jan
"TradeMotion, LLC",https://agportal-s3bucket.s3.amazonaws.com/uploadedfiles/Another/Supporting_Law_Enforcement/TradeMotionLLC.2018-07-25.pdf,7/25/2018,10/2017; 01/2018,18-May
"ComplyRight, Inc.",https://agportal-s3bucket.s3.amazonaws.com/uploadedfiles/Another/Supporting_Law_Enforcement/ComplyRightInc.2018-07-25.pdf,7/13/2018,4/20/2018,5/22/2018
International Mission Board,https://agportal-s3bucket.s3.amazonaws.com/uploadedfiles/Home/Safeguarding_Consumers/Data_Breach/InternationalMissionBoard.2018-07-06 %281%29.pdf,7/6/2018,4/11/2018,
"Coty, Inc.",https://agportal-s3bucket.s3.amazonaws.com/uploadedfiles/Another/Supporting_Law_Enforcement/CotyInc.2018-07-06.pdf,7/6/2018,1/12/2018,2/8/2018
"Macy's, Inc.",https://agportal-s3bucket.s3.amazonaws.com/uploadedfiles/Another/Supporting_Law_Enforcement/Macy%27s.2018-07-02.pdf,7/1/2018,4/26/2018,6/12/2018
Northwest University,https://agportal-s3bucket.s3.amazonaws.com/uploadedfiles/Another/Supporting_Law_Enforcement/NorthwestUniversity.2018-06-29.pdf,6/29/2018,Unspecified ,Unspecified
"Terteling Company, Inc.",https://agportal-s3bucket.s3.amazonaws.com/uploadedfiles/Another/Supporting_Law_Enforcement/TertelingCompanyInc.2018-06-23.pdf,6/23/2018,5/1/2018,
Manduka (Update),https://agportal-s3bucket.s3.amazonaws.com/uploadedfiles/Another/Supporting_Law_Enforcement/MandukaUpdate.2018-06-08.pdf,6/8/2018,2/22/2017,3/5/2018
Transamerica Retirement Solutions,https://agportal-s3bucket.s3.amazonaws.com/uploadedfiles/Another/Supporting_Law_Enforcement/Transamerica.2018-06-01.pdf,6/1/2018,Unspecified ,Unspecified
"Deli Management, Inc. (Jason's Deli)",https://agportal-s3bucket.s3.amazonaws.com/uploadedfiles/Another/Supporting_Law_Enforcement/DeliManagementIncUpdated.2018-05-22.pdf,5/22/2018,Unspecified ,Unspecified
Brinker International (Chilis),,5/18/2018,3/18/2018,4/18/2018
Corporation Service Company,https://agportal-s3bucket.s3.amazonaws.com/uploadedfiles/Another/Supporting_Law_Enforcement/CorporationServiceCompany.2018-05-17.pdf,5/17/2018,Unspecified ,Unspecified
"TaskRabbit, Inc.",https://agportal-s3bucket.s3.amazonaws.com/uploadedfiles/Another/Supporting_Law_Enforcement/TaskRabbitInc.2018-05-09.pdf,5/9/2018,Unspecified ,Unspecified
H&R Block,https://agportal-s3bucket.s3.amazonaws.com/uploadedfiles/Home/Supporting_Law_Enforcement/HRBlock.2018-05-09.pdf,5/9/2018,Unspecified ,Unspecified
Global University,https://agportal-s3bucket.s3.amazonaws.com/uploadedfiles/Another/Supporting_Law_Enforcement/Global University.2018-05-08.pdf,5/8/2018,12/31/2017,1/31/2018
Alaska Airlines,https://agportal-s3bucket.s3.amazonaws.com/uploadedfiles/Another/News/Press_Releases/AlaskaAirlines.2018.05-04.pdf,5/3/2018,10/1/2017,12/22/2017
"SunTrust Banks, Inc",https://agportal-s3bucket.s3.amazonaws.com/uploadedfiles/Home/Supporting_Law_Enforcement/SunTrustBanksInc.2018-05-04.pdf,5/2/2018,Unspecified ,Unspecified
Rail Europe North America,https://agportal-s3bucket.s3.amazonaws.com/uploadedfiles/Another/Supporting_Law_Enforcement/RailEuropeNorthAmericaInc.2018-05-7.pdf,4/30/2018,11/29/2017,2/16/2018
Hudson's Bay Company,https://agportal-s3bucket.s3.amazonaws.com/uploadedfiles/Home/Supporting_Law_Enforcement/HudsonBayCompany.2018-04-26.pdf,4/26/2018,7/1/2017,3/31/2018
Sears Holdings,https://agportal-s3bucket.s3.amazonaws.com/uploadedfiles/Home/Supporting_Law_Enforcement/SearsHoldings.2018-04-24.pdf,4/24/2018,9/27/2017,10/12/2017
Southwest Airlines Co.,https://agportal-s3bucket.s3.amazonaws.com/uploadedfiles/Home/Supporting_Law_Enforcement/SouthwestAirlinesCo.2018-04-20.pdf,4/20/2018,10/1/2017,12/22/2017
Best Buy Co Inc.,https://agportal-s3bucket.s3.amazonaws.com/uploadedfiles/Another/Supporting_Law_Enforcement/BestBuyCoInc.2018-04-13.pdf,4/13/2018,9/26/2017,10/12/2017
Inogen Inc. ,https://agportal-s3bucket.s3.amazonaws.com/uploadedfiles/Another/Supporting_Law_Enforcement/InogenInc.2018-04-13.pdf,4/13/2018,Unspecified ,Unspecified
"Delta Airlines, Inc. ",https://agportal-s3bucket.s3.amazonaws.com/uploadedfiles/Another/Supporting_Law_Enforcement/DeltaAirlinesInc.2018-04-11.pdf,4/11/2018,9/26/2017,10/12/2017
Manduka,https://agportal-s3bucket.s3.amazonaws.com/uploadedfiles/Another/Safeguarding_Consumers/Breach Manduka.2018-03-27.pdf,3/27/2018,2/25/2018,
American Express Travel Related Services Company,https://agportal-s3bucket.s3.amazonaws.com/uploadedfiles/Home/Supporting_Law_Enforcement/AmericanExpressTravelRelatedServicesCompany.2018-03-22.pdf,3/22/2018,10/1/2017,12/22/2017
Orbitz,https://agportal-s3bucket.s3.amazonaws.com/uploadedfiles/Home/Supporting_Law_Enforcement/Orbitz.2018-03-20.pdf,3/20/2018,10/1/2017,12/22/2017
"Bronson Nutritionals, LLC",https://agportal-s3bucket.s3.amazonaws.com/uploadedfiles/Home/Supporting_Law_Enforcement/BronsonNutritionalsLLC.2018-03-19.pdf,3/19/2018,5/15/2017,1/30/2018
"Parker Staffing Services, LLC",https://agportal-s3bucket.s3.amazonaws.com/uploadedfiles/Another/Supporting_Law_Enforcement/ParkerStaffingServicesLLC.2018-03-26.pdf,3/15/2018,Unspecified ,Unspecified
ABM Industries Incorporated,https://agportal-s3bucket.s3.amazonaws.com/uploadedfiles/Home/Supporting_Law_Enforcement/ABMIndustriesIncorporated.2018-03-08.pdf,3/8/2018,Unspecified ,Unspecified
Preferred Hotels & Resorts,https://agportal-s3bucket.s3.amazonaws.com/uploadedfiles/Home/Supporting_Law_Enforcement/PreferredHotelsAndResorts.2018-03-02.pdf,3/2/2018,7/16/2018,11/17/2018
FastHealth Corporation,https://agportal-s3bucket.s3.amazonaws.com/uploadedfiles/Another/Safeguarding_Consumers/Breach FastHealthCorporation.2018-02-28.PDF,2/27/2018,8/14/2017,8/18/2017
North 40 Outfitters,https://agportal-s3bucket.s3.amazonaws.com/uploadedfiles/Another/Safeguarding_Consumers/Breach North40Outfitters.2018-02-23.pdf,2/23/2018,1/20/2017,1/29/2018
"PAR Electrical Contractors, Inc.",https://agportal-s3bucket.s3.amazonaws.com/uploadedfiles/Another/Safeguarding_Consumers/Breach PARElectricalContractorsInc.2018-02-05.PDF,2/5/2018,12/22/2017,
North Beach School District,https://agportal-s3bucket.s3.amazonaws.com/uploadedfiles/Home/Supporting_Law_Enforcement/NorthBeachSchoolDistrict.2018-03-08.pdf,2/1/2018,1/30/2017,
Zachary E. Adkins DDS,https://agportal-s3bucket.s3.amazonaws.com/uploadedfiles/Another/Supporting_Law_Enforcement/ZacharyAdkinsDDS.2018-01-30.pdf,1/25/2018,11/30/2017,
"Insight Sourcing Group Holdings, LLC",https://agportal-s3bucket.s3.amazonaws.com/uploadedfiles/Another/Safeguarding_Consumers/Breach InsightSourcingGroupHoldings.2018-01-23.pdf,1/23/2018,11/30/2017,12/11/2017
"Guaranteed Rate, Inc.",https://agportal-s3bucket.s3.amazonaws.com/uploadedfiles/Another/Safeguarding_Consumers/Breach GuaranteedRate.2018-01-12.PDF,1/12/2018,6/9/2017,10/2/2017
"Deli Management, Inc.",https://agportal-s3bucket.s3.amazonaws.com/uploadedfiles/Another/Safeguarding_Consumers/Breach DeliManagementInc.2018-01-11.pdf,1/11/2018,6/8/2017,12/22/2017
"talentReef, Inc.",https://agportal-s3bucket.s3.amazonaws.com/uploadedfiles/Another/Safeguarding_Consumers/Breach talentReef 1-10-18.PDF,1/10/2018,11/29/2017,
Multnomah Athletic Club,https://agportal-s3bucket.s3.amazonaws.com/uploadedfiles/Another/Supporting_Law_Enforcement/MultnomahAthleticClub.2018-01-10.pdf,1/2/2018,12/2/2017,
"Forever 21, Inc.",https://agportal-s3bucket.s3.amazonaws.com/uploadedfiles/Another/Safeguarding_Consumers/Breach Forever 21 Inc.2017-12-28.PDF,12/28/2017,4/3/2017,11/18/2017
"TIO Networks USA, Inc.",https://agportal-s3bucket.s3.amazonaws.com/uploadedfiles/Another/Safeguarding_Consumers/Breach Tio Networks USA Inc.2017-12-28.pdf,12/22/2017,Unspecified,Unspecified
"LiveGlam, Inc.",https://agportal-s3bucket.s3.amazonaws.com/uploadedfiles/Another/Supporting_Law_Enforcement/LiveGlamInc.2018-01-02.pdf,12/22/2017,4/25/2017,
"Combat Brands, LLC",https://agportal-s3bucket.s3.amazonaws.com/uploadedfiles/Another/Safeguarding_Consumers/Breach Combat Brands LLC Update.2017-12-11.pdf,12/11/2017,7/1/2015,10/6/2017
JAM Paper & Envelope,https://agportal-s3bucket.s3.amazonaws.com/uploadedfiles/Another/Supporting_Law_Enforcement/JamPaperAndEnvelope.2017-12-01.pdf,12/1/2017,9/6/2017,
"Bulletproof 360, Inc.",https://agportal-s3bucket.s3.amazonaws.com/uploadedfiles/Another/Safeguarding_Consumers/Breach BulletProof360UPDATE.2017-11-27.pdf,11/27/2017,10/26/2016; 08/28/2017,05/30/2017; 9/5/2017
"The Medical College of Wisconsin, Inc.",https://agportal-s3bucket.s3.amazonaws.com/uploadedfiles/Another/Safeguarding_Consumers/Breach TheMedicalCollegeOfWisconsinInc.2017-11-17.pdf,11/17/2017,7/21/2017,7/28/2017
"Uber Technologies, Inc., Sample Notice",,11/21/2017,10/13/2016,11/15/2016
Western State Hospital,https://agportal-s3bucket.s3.amazonaws.com/uploadedfiles/Home/Supporting_Law_Enforcement/WesternStateHospital.2017-11-15.pdf,11/15/2017,9/20/2017,
Gallagher NAC,https://agportal-s3bucket.s3.amazonaws.com/uploadedfiles/Another/Supporting_Law_Enforcement/GallagherNAC.2017-11-13.pdf,11/13/2017,6/18/2017,9/19/2017
"Tween Brands, Inc.",https://agportal-s3bucket.s3.amazonaws.com/uploadedfiles/Another/Safeguarding_Consumers/Breach TweenBrandsInc.2017-11-03.pdf,11/3/2017,9/7/2017,
HumanGood,https://agportal-s3bucket.s3.amazonaws.com/uploadedfiles/Another/Safeguarding_Consumers/Breach HumanGood.2017-10-30.pdf,10/30/2017,9/27/2017,
"Whole Foods Market Services, Inc.",https://agportal-s3bucket.s3.amazonaws.com/uploadedfiles/Another/Supporting_Law_Enforcement/WholeFoodsMarketServicesInc.2017-10-20.pdf,10/20/2017,3/10/2017,9/28/2017
"Pizza Hut, LLC",https://agportal-s3bucket.s3.amazonaws.com/uploadedfiles/Another/Supporting_Law_Enforcement/PizzaHutLLC.2017-10-16.pdf,10/16/2017,10/1/2017,10/2/2017
Equifax Inc. (Update),https://agportal-s3bucket.s3.amazonaws.com/uploadedfiles/Another/Supporting_Law_Enforcement/EquifaxUpdate.2017-10-12.pdf,10/12/2017,Unspecified,Unspecified
Catholic United Financial,https://agportal-s3bucket.s3.amazonaws.com/uploadedfiles/Another/Supporting_Law_Enforcement/CatholicUnitedFinancial.2017-10-06.pdf,10/6/2017,7/31/2017,
,,,8/26/2017,8/28/2017
,,,11/12/2016,
"Provo Craft & Novelty, Inc. ",https://agportal-s3bucket.s3.amazonaws.com/uploadedfiles/Another/Supporting_Law_Enforcement/ProvoCraftAndNoveltyIncDbaCricut.2017-10-06.pdf,10/6/2017,5/27/2017,7/12/2017
Tommie Copper Inc. ,https://agportal-s3bucket.s3.amazonaws.com/uploadedfiles/Another/Supporting_Law_Enforcement/TommieCopperInc.2017-10-06.PDF,10/6/2017,4/25/2017,8/29/2017
SONIC Corp. ,https://agportal-s3bucket.s3.amazonaws.com/uploadedfiles/Another/Supporting_Law_Enforcement/SonicCorp.2017-10-04.PDF,10/4/2017,Unspecified,Unspecified
"FlexShopper, LLC",https://agportal-s3bucket.s3.amazonaws.com/uploadedfiles/Another/Supporting_Law_Enforcement/FlexShopperLLC.2017-10-03.pdf,10/3/2017,Unspecified,Unspecified
The Online Traffic School,https://agportal-s3bucket.s3.amazonaws.com/uploadedfiles/Another/Supporting_Law_Enforcement/TheOnlineTrafficSchool.2017-09-29.pdf,9/29/2017,Unspecified,Unspecified
BSI Financial Services,https://agportal-s3bucket.s3.amazonaws.com/uploadedfiles/Another/Supporting_Law_Enforcement/ServiceOneIncDbaBSIFinancialServices.2017-09-28.pdf,9/29/2017,6/1/2017,
"W.W. Grainger, Inc. ",https://agportal-s3bucket.s3.amazonaws.com/uploadedfiles/Another/Supporting_Law_Enforcement/W.W.GraingerInc.2017-09-18.pdf,9/18/2017,8/23/2017,
Whatcom Land Title Co. ,https://agportal-s3bucket.s3.amazonaws.com/uploadedfiles/Another/Supporting_Law_Enforcement/WhatcomLandTitleCo.2017-09-16.pdf,9/16/2017,Unspecified,Unspecified
"Bulletproof 360, Inc. ",https://agportal-s3bucket.s3.amazonaws.com/uploadedfiles/Another/Supporting_Law_Enforcement/Bulletproof360.2017-09-15.PDF,9/15/2017,10/26/2016,1/31/2017
Equifax Inc.,https://agportal-s3bucket.s3.amazonaws.com/uploadedfiles/Another/Supporting_Law_Enforcement/EquifaxInc.2017-09-07.PDF,9/7/2017,Unspecified,Unspecified
Timberland Bank,https://agportal-s3bucket.s3.amazonaws.com/uploadedfiles/Another/Supporting_Law_Enforcement/TimberlandBank.2017-08-31.pdf,8/31/2017,Unspecified,Unspecified
Avanti Markets Inc. (update),https://agportal-s3bucket.s3.amazonaws.com/uploadedfiles/Another/Supporting_Law_Enforcement/AvantiMarketsIncUpdate.2017-08-30.pdf,8/30/2017,Unspecified,Unspecified
Green River Community College,https://agportal-s3bucket.s3.amazonaws.com/uploadedfiles/Another/Supporting_Law_Enforcement/GreenRiverCommunityCollege.2017-08-24.pdf,8/24/2017,12/16/2016,
Silver Cloud Inns & Hotels,https://agportal-s3bucket.s3.amazonaws.com/uploadedfiles/Another/Supporting_Law_Enforcement/SilverCloudInnsAndHotels.2017-08-03.pdf,8/3/2017,8/10/2016,3/9/2017
Noble House Hotels & Resorts,https://agportal-s3bucket.s3.amazonaws.com/uploadedfiles/Another/Supporting_Law_Enforcement/NobleHouseHotelsAndResorts.2017-07-28.pdf,7/28/2017,8/10/2016,3/9/2017
City of Port Angeles,https://agportal-s3bucket.s3.amazonaws.com/uploadedfiles/Another/Supporting_Law_Enforcement/CityOfPortAngeles.2017-07-27.pdf,7/25/2017,Unspecified,Unspecified
Avanti Markets Inc.,https://agportal-s3bucket.s3.amazonaws.com/uploadedfiles/Another/Supporting_Law_Enforcement/AvantiMarketsInc.2017-07-24.pdf,7/24/2017,Unspecified,Unspecified
Value Eyecare Network,https://agportal-s3bucket.s3.amazonaws.com/uploadedfiles/Another/Supporting_Law_Enforcement/ValueEyecareNetwork.2017-07-21.pdf,7/21/2017,Unspecified,Unspecified
Keller Williams Realty Inc.,https://agportal-s3bucket.s3.amazonaws.com/uploadedfiles/Another/Supporting_Law_Enforcement/KellerWilliamsRealtyInc.2017-07-18.pdf,7/18/2017,5/6/2017,5/10/2017
SBE ENT Holdings,https://agportal-s3bucket.s3.amazonaws.com/uploadedfiles/Another/Supporting_Law_Enforcement/SBE-ENTHoldingsLLC.2017-07-14.pdf,7/14/2017,8/10/2016,3/9/2017
"Two Roads Hospitality, LLC",https://agportal-s3bucket.s3.amazonaws.com/uploadedfiles/Another/Supporting_Law_Enforcement/TwoRoadsHospitalityLLC.2017-07-14.pdf,7/14/2017,8/10/2016,3/9/2017
Club Quarter Hotels,https://agportal-s3bucket.s3.amazonaws.com/uploadedfiles/Another/Supporting_Law_Enforcement/ClubQuartersHotels.2017-07-12.pdf,7/12/2017,8/10/2016,3/9/2017
Pacific Science Center,https://agportal-s3bucket.s3.amazonaws.com/uploadedfiles/Another/Safeguarding_Consumers/Breach PacificScienceCenter 2017-07.pdf,7/10/2017,06/13/2017; 06/21/2017,
Four Seasons Hotels Limited,https://agportal-s3bucket.s3.amazonaws.com/uploadedfiles/Another/Supporting_Law_Enforcement/FourSeasonsHotelsLimited.2017-07-06.pdf,7/6/2017,8/10/2016,3/9/2017
Loews Hotels & Co.,https://agportal-s3bucket.s3.amazonaws.com/uploadedfiles/Another/Supporting_Law_Enforcement/LoewsHotelsAndCo.2017-07-05.PDF,7/5/2017,8/29/2016,3/9/2017
Preferred Hotel Group,https://agportal-s3bucket.s3.amazonaws.com/uploadedfiles/Another/Safeguarding_Consumers/Breach PreferredHotelGroup 2017-06.pdf,6/30/2017,8/10/2016,3/9/2017
GOLFTEC,https://agportal-s3bucket.s3.amazonaws.com/uploadedfiles/Another/Supporting_Law_Enforcement/GOLFTEC.2017-05-03.pdf,6/22/2017,3/2/2017,7/15/2017
Caliber Home Loans,https://agportal-s3bucket.s3.amazonaws.com/uploadedfiles/Another/Supporting_Law_Enforcement/CaliberHomeLoans.2017-06-22.pdf,6/22/2017,Unspecified ,Unspecified
Home Point Financial Corporation,https://agportal-s3bucket.s3.amazonaws.com/uploadedfiles/Home/Supporting_Law_Enforcement/HomePointFinancialCorporation.2017-06-20.pdf,6/20/2017,Unspecified ,Unspecified
Washington State University ,https://agportal-s3bucket.s3.amazonaws.com/uploadedfiles/Another/Supporting_Law_Enforcement/WashingtonStateUniversity.2017-06-08.pdf,6/8/2017,Unspecified,Unspecified
"Airway Oxygen, Inc.",https://agportal-s3bucket.s3.amazonaws.com/uploadedfiles/Another/Safeguarding_Consumers/Breach AirwayOxygenInc 2017-06.pdf,6/6/2017,4/18/2017,
"GameStop, Inc.",https://agportal-s3bucket.s3.amazonaws.com/uploadedfiles/Another/Supporting_Law_Enforcement/GameStopInc.2017-06-05.pdf,6/5/2017,8/10/2016,2/2/2017
BMO Harris Bank,https://agportal-s3bucket.s3.amazonaws.com/uploadedfiles/Home/Supporting_Law_Enforcement/BMOHarrisBankNA.2017-05-31.pdf,5/31/2017,5/15/2017,
"Kennewick Public Hospital District, dba Trios Health",https://agportal-s3bucket.s3.amazonaws.com/uploadedfiles/Another/Safeguarding_Consumers/Breach Trios Health 2017-0526.pdf,5/26/2017,10/23/2013,3/31/2017
"Incipio, LLC",https://agportal-s3bucket.s3.amazonaws.com/uploadedfiles/Another/Supporting_Law_Enforcement/IncipioLLC.2017-05-24.pdf,5/24/2017,2/26/2016,12/5/2016
Zillow,https://agportal-s3bucket.s3.amazonaws.com/uploadedfiles/Another/Supporting_Law_Enforcement/Zillow.2017-05-22.pdf,5/19/2017,5/9/2017,
"Nicopure Labs, LLC",https://agportal-s3bucket.s3.amazonaws.com/uploadedfiles/Another/Safeguarding_Consumers/Breach Nicopure Labs LLC 2017-05-16.PDF,5/16/2017,Unspecified,Unspecified
Kuru Footwear,https://agportal-s3bucket.s3.amazonaws.com/uploadedfiles/Another/Supporting_Law_Enforcement/KuruFootwear.2017-05-15.PDF,5/15/2017,12/20/2016,3/3/2017
TALX Corporation,https://agportal-s3bucket.s3.amazonaws.com/uploadedfiles/Another/Safeguarding_Consumers/Breach TALX Corporation.2017-05-15.pdf,5/15/2017,1/4/2016,3/29/2017
Brooks Brothers,https://agportal-s3bucket.s3.amazonaws.com/uploadedfiles/Another/Safeguarding_Consumers/Internet_Safety/Breach Brooks Brothers 2017-05-12.pdf,5/12/2017,4/4/2016,3/1/2017
Indigo Wild,https://agportal-s3bucket.s3.amazonaws.com/uploadedfiles/Another/Safeguarding_Consumers/Internet_Safety/Breach Indigo Wild 2017-05-12.PDF,5/12/2017,11/16/2016,4/17/2017
Seattle Indian Health Board,https://agportal-s3bucket.s3.amazonaws.com/uploadedfiles/Another/Supporting_Law_Enforcement/SeattleIndianHealthBoard.2017-05-10.pdf,5/9/2017,8/10/2016,
"Solera Holdings, Inc.",https://agportal-s3bucket.s3.amazonaws.com/uploadedfiles/Another/Safeguarding_Consumers/Internet_Safety/Breach Solera Holdings Inc 2017-05-05.pdf,5/5/2017,Early 2017,
Metro Parks Tacoma,https://agportal-s3bucket.s3.amazonaws.com/uploadedfiles/Another/Safeguarding_Consumers/Breach Metro Parks.2017-05-04.pdf,5/4/2017,5/3/2017,
Hill Country Memorial Hospital,https://agportal-s3bucket.s3.amazonaws.com/uploadedfiles/Another/Safeguarding_Consumers/Breach Hill Country Memorial Hospital.2017-05-03.pdf,4/25/2017,2/21/2017,2/22/2017
Seattle Housing Authority,https://agportal-s3bucket.s3.amazonaws.com/uploadedfiles/Home/Supporting_Law_Enforcement/SeattleHousingAuthority.2017-04-25.pdf,4/25/2017,Unspecified,
Pacific Lutheran University,https://agportal-s3bucket.s3.amazonaws.com/uploadedfiles/Another/Supporting_Law_Enforcement/PacificLutheranUniversity.2017-04-18.pdf,4/18/2017,1/23/2017,2/22/2017
"Combat Brands, LLC",https://agportal-s3bucket.s3.amazonaws.com/uploadedfiles/Another/Supporting_Law_Enforcement/CombatBrandsLLC.2014-04-14.pdf,4/14/2017,7/1/2015,2/23/2017
Six Continents Hotels,https://agportal-s3bucket.s3.amazonaws.com/uploadedfiles/Another/Supporting_Law_Enforcement/SixContinentsHotels%28IHG%29.2017-04-14.pdf,4/14/2017,9/29/2016,12/29/2016
Lake Kennedy McCulluch CPAs PS,https://agportal-s3bucket.s3.amazonaws.com/uploadedfiles/Another/Supporting_Law_Enforcement/LakeKennedyMcCulluchCPAsPS.2017-04-06.pdf,4/9/2017,1/30/2017,
Tempur-Pedic,https://agportal-s3bucket.s3.amazonaws.com/uploadedfiles/Another/Tempur Pedic 2017-04-10.pdf,4/4/2017,2/16/2017,12/16/2017
"Easy Breathe, Inc.",https://agportal-s3bucket.s3.amazonaws.com/uploadedfiles/Another/Supporting_Law_Enforcement/EasyBreatheInc.2017-03-27.pdf,3/27/2017,Unspecified,Unspecified
"Bulletproof 360, Inc.",https://agportal-s3bucket.s3.amazonaws.com/uploadedfiles/Another/Supporting_Law_Enforcement/Bulletproof.pdf,3/21/2017,10/26/2016,1/31/2017
People for People,https://agportal-s3bucket.s3.amazonaws.com/uploadedfiles/Another/Supporting_Law_Enforcement/PeopleForPeople.2017-03-17.pdf,3/17/2017,Unspecified,Unspecified
"Northwest Christian Schools, Inc. ",https://agportal-s3bucket.s3.amazonaws.com/uploadedfiles/Another/Supporting_Law_Enforcement/NorthwestChristianSchoolsInc.2017-03-16.pdf,3/16/2017,2/11/2017,
Bambeco Inc.,https://agportal-s3bucket.s3.amazonaws.com/uploadedfiles/Another/Supporting_Law_Enforcement/BambecoInc.2017-03-13.pdf,3/10/2017,2/16/2017,12/16/2016
prAna,https://agportal-s3bucket.s3.amazonaws.com/uploadedfiles/Another/Supporting_Law_Enforcement/prAna.2017-03-08.pdf,3/8/2017,12/14/2016,2/6/2017
Atlantic Cigar,https://agportal-s3bucket.s3.amazonaws.com/uploadedfiles/Another/Supporting_Law_Enforcement/AtlanticCigar.2017-03-13.pdf,3/8/2017,Unspecified,Unspecified
Russell Investments,https://agportal-s3bucket.s3.amazonaws.com/uploadedfiles/Another/Supporting_Law_Enforcement/RussellInvestments.2017-03-07.pdf,3/7/2017,Unspecified,Unspecified
West Music Company,https://agportal-s3bucket.s3.amazonaws.com/uploadedfiles/Another/Supporting_Law_Enforcement/WestMusicCompany.2017-03-06.PDF,3/6/2017,2/16/2017,12/16/2016
"Aptos, Inc.",https://agportal-s3bucket.s3.amazonaws.com/uploadedfiles/Home/About_the_Office/AGO_Opinions/Pending_AGO_Opinions/AptosInc.2017-02-25.pdf,2/25/2017,2/16/2017,12/16/2016
BENCHMARK,https://agportal-s3bucket.s3.amazonaws.com/uploadedfiles/Another/Supporting_Law_Enforcement/Benchmark.2017-02-24.pdf,2/24/2017,10/23/2016,1/1/2017
Roberts Hawaii,https://agportal-s3bucket.s3.amazonaws.com/uploadedfiles/Another/Supporting_Law_Enforcement/RobertsHawaii.2017-02-24.pdf,2/24/2017,7/30/2015,12/14/2016
"Pasco Rentals, Inc.",https://agportal-s3bucket.s3.amazonaws.com/Breach Pasco Rentals Inc 2017-02-24.pdf,2/24/2017,1/12/2017,
"Affy Tapple, LLC d/b/a Affy Tapple",https://agportal-s3bucket.s3.amazonaws.com/Breach AffyTapple 2017-02-24.PDF,2/24/2017,2/16/2017,12/16/2016
Mrs Prindables,https://agportal-s3bucket.s3.amazonaws.com/Breach MrsPrindables 2017-02-24.PDF,2/24/2017,2/16/2017,12/16/2016
Alpha Industries,https://agportal-s3bucket.s3.amazonaws.com/uploadedfiles/Another/Supporting_Law_Enforcement/AlphaIndustries.2017-02-25.pdf,2/25/2017,2/16/2017,12/16/2016
"Century, LLC",https://agportal-s3bucket.s3.amazonaws.com/uploadedfiles/Another/Supporting_Law_Enforcement/CenturyLLC.2017-02-25.pdf,2/25/2017,2/16/2017,12/16/2016
"Blue Mercury, Inc.",https://agportal-s3bucket.s3.amazonaws.com/uploadedfiles/Another/Supporting_Law_Enforcement/BlueMercuryInc.2017-02-25.pdf,2/25/2017,2/16/2017,12/16/2016
"Movie Mars, Inc.",https://agportal-s3bucket.s3.amazonaws.com/uploadedfiles/Another/Supporting_Law_Enforcement/MovieMarsInc.2017-02-25.pdf,2/25/2017,2/16/2017,12/16/2016
"Nutrex Hawaii, Inc. ",https://agportal-s3bucket.s3.amazonaws.com/uploadedfiles/Another/Supporting_Law_Enforcement/NutrexHawaiiInc.2017-02-25.pdf,2/25/2017,2/16/2017,12/16/2016
"New England Biolabs, Inc.",https://agportal-s3bucket.s3.amazonaws.com/uploadedfiles/Another/Supporting_Law_Enforcement/NewEnglandBioLabsInc.2017-02-25.pdf,2/25/2017,2/16/2017,12/16/2016
"Plow and Hearth, LLC",https://agportal-s3bucket.s3.amazonaws.com/uploadedfiles/Another/Supporting_Law_Enforcement/PlowAndHearthLLC.2017-02-25.pdf,2/25/2017,2/16/2017,12/16/2016
"Vapour Organic Beauty, LLC",https://agportal-s3bucket.s3.amazonaws.com/uploadedfiles/Another/Supporting_Law_Enforcement/VapourOrganicBeautyLLC.2017-02-25.pdf,2/25/2017,2/16/2017,12/16/2016
Abbott Nutrition,https://agportal-s3bucket.s3.amazonaws.com/Breach Abbott Nutrition 2017-02-23.pdf,2/23/2017,6/13/2016,12/16/2016
"InterMountain Management, LLC",https://agportal-s3bucket.s3.amazonaws.com/Breach InterMountain Management 2017-02-22.pdf,2/22/2017,2/3/2017,
Intex Recreation Corp. ,https://agportal-s3bucket.s3.amazonaws.com/Intex Recreation Corp 2017-02-22.pdf,2/22/2017,4/14/2016,12/14/2016
The Boeing Company,https://agportal-s3bucket.s3.amazonaws.com/Breach The Boeing Company 2017-02-08.pdf,2/8/2017,11/21/2016,
"Conover Capital Management, LLC and Conover Securities Corporation",https://agportal-s3bucket.s3.amazonaws.com/Breach Conover Capital Management Securities Corp 2017-02-03.pdf,2/3/2017,11/16/2016,
Saturna Capital Corporation,https://agportal-s3bucket.s3.amazonaws.com/Breach Saturna Capital Corp 2017-01-27.pdf,1/27/2017,1/18/2017,
"Spiraledge, Inc.",https://agportal-s3bucket.s3.amazonaws.com/Spiraledge Inc 2017-01-12.pdf,1/12/2017,5/2/2016,11/22/2016
Community Health Plan of Washington ,https://agportal-s3bucket.s3.amazonaws.com/uploadedfiles/Another/Supporting_Law_Enforcement/CommunityHealthPlanWA.2016-12-22.pdf,12/21/2016,Unspecified,Unspecified
Western Union Financial Services,https://agportal-s3bucket.s3.amazonaws.com/uploadedfiles/Another/Supporting_Law_Enforcement/WesternUnionFinancialServices.2016-12-23.pdf,12/20/2016,7/16/2016,
CHI Franciscan Health - Hospice Tacoma,https://agportal-s3bucket.s3.amazonaws.com/uploadedfiles/Another/Supporting_Law_Enforcement/CHI-FranciscanHealthcare%28Hospice-Tacoma%29.2016-11-30.pdf,11/30/2016,10/18/2016,
The Madison Square Garden Company,https://agportal-s3bucket.s3.amazonaws.com/uploadedfiles/Another/Supporting_Law_Enforcement/MadisonSquareGarden.2016-11-22.pdf,11/22/2016,11/9/2015,10/24/2016
Island Hotel Company Limited,https://agportal-s3bucket.s3.amazonaws.com/uploadedfiles/Another/Supporting_Law_Enforcement/IslandHotelCompanyLimited.2016-11-29.pdf,11/21/2016,3/8/2016,10/22/2016
Springfield Armory,https://agportal-s3bucket.s3.amazonaws.com/uploadedfiles/Another/Supporting_Law_Enforcement/SpringfieldArmory.2016-11-18.PDF,11/18/2016,10/3/2015,10/9/2016
Michigan State University,https://agportal-s3bucket.s3.amazonaws.com/uploadedfiles/Another/Supporting_Law_Enforcement/MichiganStateUniversity.2016-11-23.pdf,11/18/2016,11/13/2016,
Charles Schwab,https://agportal-s3bucket.s3.amazonaws.com/uploadedfiles/Another/Supporting_Law_Enforcement/CharlesSchwab.2016-11-11.pdf,11/11/2016,3/25/2016,
UFCW Local 655 Food Employers Pension Plan,https://agportal-s3bucket.s3.amazonaws.com/uploadedfiles/Another/Supporting_Law_Enforcement/UFCWLocal655FoodEmployersPensionPlan.2016-11-09-16 %282%29.pdf,11/9/2016,7/21/2016,
Eileen Fisher Inc. ,https://agportal-s3bucket.s3.amazonaws.com/uploadedfiles/Another/Supporting_Law_Enforcement/EileenFisherInc.2016-11-09.pdf,11/9/2016,9/7/2016,10/24/2016
Rebecca Minkoff LLC,https://agportal-s3bucket.s3.amazonaws.com/uploadedfiles/Another/Supporting_Law_Enforcement/RebeccaMinkoff.2016-11-04.pdf,11/4/2016,Unspecified,Unspecified
Eastwood Company,https://agportal-s3bucket.s3.amazonaws.com/uploadedfiles/Another/Supporting_Law_Enforcement/EastwoodCompany.2016-10-19.pdf,10/19/2016,5/29/2016,8/22/2016
Vera Bradley,https://agportal-s3bucket.s3.amazonaws.com/uploadedfiles/Another/Supporting_Law_Enforcement/VeraBradley.2016-10-12.pdf,10/12/2016,7/25/2016,9/23/2016
Vaupell,https://agportal-s3bucket.s3.amazonaws.com/uploadedfiles/Another/Supporting_Law_Enforcement/Vaupell.2016-09-30.pdf,9/30/2016,9/12/2016,
Group Health Cooperative,https://agportal-s3bucket.s3.amazonaws.com/uploadedfiles/Another/Supporting_Law_Enforcement/GroupHealthCooperative.2016-09-23.pdf,9/23/2016,8/31/2016,9/2/2016
ACTIVEOutdoors,https://agportal-s3bucket.s3.amazonaws.com/uploadedfiles/Another/Supporting_Law_Enforcement/ActiveOutdoors.2016-09-19.pdf,9/19/2016,Prior,6-Jul
"Ascensus, Inc",https://agportal-s3bucket.s3.amazonaws.com/uploadedfiles/Another/Supporting_Law_Enforcement/Ascensus%28MenziesAviation%29.2016-09-19.pdf,9/19/2016,Unspecified,Unspecified
Highline Medical Center,https://agportal-s3bucket.s3.amazonaws.com/uploadedfiles/Another/Supporting_Law_Enforcement/HighlineMedicalCenter.2016-08-31.pdf,8/31/2016,4/21/2016,6/13/2016
Kimpton Hotels & Restaurants,https://agportal-s3bucket.s3.amazonaws.com/uploadedfiles/Another/Supporting_Law_Enforcement/KimptonHotels.2016-08-31_0.pdf,8/31/2016,2/16/2016,7/7/2016
"Presnell Gage, PLLC",https://agportal-s3bucket.s3.amazonaws.com/uploadedfiles/Another/Supporting_Law_Enforcement/PresnellGagePLLC.2016-08-31.pdf,8/30/2016,7/16/2016,8/18/2016
KontrolFreek,https://agportal-s3bucket.s3.amazonaws.com/uploadedfiles/Another/Supporting_Law_Enforcement/KontrolFreek.2016-8-22.PDF,8/22/2016,10/21/2015,4/7/2016
Eddie Bauer,https://agportal-s3bucket.s3.amazonaws.com/uploadedfiles/Another/Supporting_Law_Enforcement/EddieBauer.2016-08-18.pdf,8/18/2016,7/15/2016,
"Valley Anesthesiology Consultants, Inc",https://agportal-s3bucket.s3.amazonaws.com/uploadedfiles/Another/Supporting_Law_Enforcement/ValleyAnesthesiology.2016-08-12.pdf,8/12/2016,3/30/2016,
The Caroline Kline Galland Home,https://agportal-s3bucket.s3.amazonaws.com/uploadedfiles/Another/Supporting_Law_Enforcement/CarolineKlineGalland.2016-08-05.pdf,8/5/2016,6/13/2016,
Banner Health,https://agportal-s3bucket.s3.amazonaws.com/uploadedfiles/Another/Supporting_Law_Enforcement/BannerHealth.2016-08-03.pdf,8/3/2016,6/23/2016,7/7/2016
"CiCi Enterprises, LP",https://agportal-s3bucket.s3.amazonaws.com/uploadedfiles/Another/Supporting_Law_Enforcement/CiCiEnterprisesLP.pdf,7/19/2016,16-Mar,16-Jul
"San Antonio Shoemakers, Inc.",https://agportal-s3bucket.s3.amazonaws.com/uploadedfiles/Another/Supporting_Law_Enforcement/SanAntonioShoemakersInc%28SAS%29.pdf,7/19/2016,4/21/2016,6/13/2016
NLU Products LLC,https://agportal-s3bucket.s3.amazonaws.com/uploadedfiles/Another/Supporting_Law_Enforcement/NLUProductsLLC.pdf,7/16/2016,6/8/2016,
Omni Hotels and Resorts,https://agportal-s3bucket.s3.amazonaws.com/uploadedfiles/Another/Supporting_Law_Enforcement/OmniHotelsandResorts.pdf,7/8/2016,12/23/2015,6/14/2016
Wendy's,https://agportal-s3bucket.s3.amazonaws.com/uploadedfiles/Another/Supporting_Law_Enforcement/Wendys2016_06.pdf,7/6/2016,12/2/2015,6/8/2016
Noodles and Company,https://agportal-s3bucket.s3.amazonaws.com/uploadedfiles/Another/Supporting_Law_Enforcement/NoodlesAndCompany_2016-06.pdf,6/28/2016,1/31/2016,6/2/2016
Hard Rock Hotel & Casino Las Vegas,https://agportal-s3bucket.s3.amazonaws.com/uploadedfiles/Another/Supporting_Law_Enforcement/HardRockHotelAndCasinoLV.pdf,6/27/2016,10/27/2015,3/21/2016
Uber Technologies,https://agportal-s3bucket.s3.amazonaws.com/uploadedfiles/Another/Supporting_Law_Enforcement/UberTechnologiesInc.pdf,6/16/2016,5/13/2016,
The Tax Shack,https://agportal-s3bucket.s3.amazonaws.com/uploadedfiles/Another/Supporting_Law_Enforcement/TheTaxShack.pdf,6/13/2016,5/27/2016,6/1/2016
MEI-GSR,https://agportal-s3bucket.s3.amazonaws.com/uploadedfiles/Another/Supporting_Law_Enforcement/MEI-GSR_GrandSierraResort2016-06.pdf,6/10/2016,2/19/2014; 03/20/2015,03/13/2014; 8/6/2016
Mate1.com,https://agportal-s3bucket.s3.amazonaws.com/uploadedfiles/Another/Supporting_Law_Enforcement/Mate1_2016-06.pdf,6/8/2016,15-Oct,
"Empathia, Inc.",https://agportal-s3bucket.s3.amazonaws.com/uploadedfiles/Another/Supporting_Law_Enforcement/EmpathiaInc_2016-06.pdf,6/6/2016,1/30/2016,
Olympia School District ,https://agportal-s3bucket.s3.amazonaws.com/uploadedfiles/Another/Supporting_Law_Enforcement/OlympiaSchoolDistrict2016-05-11.pdf,5/11/2016,4/12/2016,
Ameris Bank,https://agportal-s3bucket.s3.amazonaws.com/uploadedfiles/Another/Supporting_Law_Enforcement/AmerisBank2016-05-10.pdf,5/10/2016,2/2/2016,3/10/2016
LendUP Processing Center,https://agportal-s3bucket.s3.amazonaws.com/uploadedfiles/Another/Supporting_Law_Enforcement/LendUpProcessingCenter2016-05.pdf,5/10/2016,2016,
CertifiKid LLC,https://agportal-s3bucket.s3.amazonaws.com/uploadedfiles/Another/Supporting_Law_Enforcement/CertifiKid2016-05-10.pdf,5/5/2016,1/25/2016,3/19/2016
Kline Galland Home Care Services,https://agportal-s3bucket.s3.amazonaws.com/uploadedfiles/Another/Supporting_Law_Enforcement/KlineGallandHomeCareServices2016-05.pdf,5/2/2016,4/5/2016,
AIM Inc,https://agportal-s3bucket.s3.amazonaws.com/uploadedfiles/Another/Supporting_Law_Enforcement/AIM2016-04-27.pdf,4/27/2016,4/4/2016,
doTERRA International ,https://agportal-s3bucket.s3.amazonaws.com/uploadedfiles/Another/Supporting_Law_Enforcement/doTERRAInternational%2CLLC2016-04-18.pdf,4/18/2016,16-Mar,
SchwaabInc (DiscountRubberStamps.com),https://agportal-s3bucket.s3.amazonaws.com/uploadedfiles/Another/Supporting_Law_Enforcement/SchwaabInc%28DiscountRubberStamps.com%292016-04-11.pdf,4/11/2016,1/22/2014,1/26/2016
Advance Auto Parts,https://agportal-s3bucket.s3.amazonaws.com/uploadedfiles/Another/Supporting_Law_Enforcement/AdvanceAutoParts2016-03-17.pdf,3/15/2016,3/7/2016,
Bailey's Online,https://agportal-s3bucket.s3.amazonaws.com/uploadedfiles/Another/Supporting_Law_Enforcement/Bailey%27sUPDATE2016-03-14.pdf,3/14/2016,12/1/2011,1/26/2016
Turner Construction Company,https://agportal-s3bucket.s3.amazonaws.com/uploadedfiles/Another/Supporting_Law_Enforcement/TurnerConstructionCo2016-03-11.pdf,3/7/2016,3/2/2016,
21st Century Oncology,https://agportal-s3bucket.s3.amazonaws.com/uploadedfiles/Another/Supporting_Law_Enforcement/21stCenturyOncology2016-03-04.pdf,3/4/2016,10/3/2015,
Washington State Health Care Authority ,https://agportal-s3bucket.s3.amazonaws.com/uploadedfiles/Another/Supporting_Law_Enforcement/HealthCareAuthority2016_02_09.pdf,2/9/2016,11/15/2013,12/24/2015
"Gyft, Inc.",https://agportal-s3bucket.s3.amazonaws.com/uploadedfiles/Another/Supporting_Law_Enforcement/Gyft%2CInc.2016-02-05.pdf,2/4/2016,10/3/2015,12/18/2015
Bailey's,https://agportal-s3bucket.s3.amazonaws.com/uploadedfiles/Another/Supporting_Law_Enforcement/Bailey%27s2016-02-01.pdf,1/1/2016,9/25/2015,1/3/2016
Landry's Inc.,https://agportal-s3bucket.s3.amazonaws.com/uploadedfiles/Another/Supporting_Law_Enforcement/Landry%27sInc%2C et.al.2016_01_29.pdf,1/29/2016,Varies by Location ,
Starwood Hotels & Resorts,https://agportal-s3bucket.s3.amazonaws.com/uploadedfiles/Another/Supporting_Law_Enforcement/StarwoodHotelsResortsWorldwideIncUPDATE2016_01_22.pdf,1/22/2016,Varies by Location,
MaineGeneral Medical Center,https://agportal-s3bucket.s3.amazonaws.com/uploadedfiles/Another/Supporting_Law_Enforcement/MaineGeneralMedicalCenter2016-01-21.pdf,1/15/2016,09/11/2015; 09/12/2015,
Hyatt Hotels Corporation,https://agportal-s3bucket.s3.amazonaws.com/uploadedfiles/Another/Supporting_Law_Enforcement/HyattHotelsCorporation2016_01_14.pdf,1/14/2016,11/24/2015,
HSBC Bank,https://agportal-s3bucket.s3.amazonaws.com/uploadedfiles/Another/Supporting_Law_Enforcement/HSBC2016-13-01.pdf,1/13/2016,12/07/2015; 12/08/2015,
Regional Income Tax Agency,https://agportal-s3bucket.s3.amazonaws.com/uploadedfiles/Another/Supporting_Law_Enforcement/RegionalIncomeTaxAgencyRITA2016_01_11.pdf,12/31/2015,11/10/2015,
Maston Navigation & Horizon Lines,https://agportal-s3bucket.s3.amazonaws.com/uploadedfiles/Another/Supporting_Law_Enforcement/MatsonNavigationCoIncAndHorizonLines2015_12_23.pdf,12/23/2015,12/7/2015,
Yapstone,https://agportal-s3bucket.s3.amazonaws.com/uploadedfiles/Another/Supporting_Law_Enforcement/Yapstone%2CInc2015_12_18.pdf,12/18/2015,8/4/2015,
PeaceHealth (AMENDED),https://agportal-s3bucket.s3.amazonaws.com/uploadedfiles/Home/Supporting_Law_Enforcement/PeaceHealthAMENDED_2015-12-14.pdf,12/14/2015,6/15/2015,10/9/2014
Muji,https://agportal-s3bucket.s3.amazonaws.com/uploadedfiles/Another/Supporting_Law_Enforcement/Muji2015_12_08.pdf,11/30/2015,1/22/2015,7/20/2015
PeaceHealth,https://agportal-s3bucket.s3.amazonaws.com/uploadedfiles/Another/Supporting_Law_Enforcement/PeaceHealth2015_11_30.pdf,11/30/2015,6/15/2015,10/9/2015
Hilton Worldwide,https://agportal-s3bucket.s3.amazonaws.com/uploadedfiles/Another/Supporting_Law_Enforcement/HiltonWorldwideInc2015_11_30.pdf,11/24/2015,12/28/2014,12/5/2014
Starwood Hotels & Resorts,https://agportal-s3bucket.s3.amazonaws.com/uploadedfiles/Another/Supporting_Law_Enforcement/StarwoodHotelsResortsWorldwideInc2015_11_20.pdf,11/20/2015,Varies by location ,
Noble House Hotels & Resorts,https://agportal-s3bucket.s3.amazonaws.com/uploadedfiles/Another/Supporting_Law_Enforcement/NobleHouseAndResorts_2015-11-17.pdf,11/13/2015,12/29/2014,8/11/2015
Excellus Blue Cross,https://agportal-s3bucket.s3.amazonaws.com/uploadedfiles/Another/Supporting_Law_Enforcement/ExcellusBlueCross%28BCBSMA%292015_11_03.pdf,10/28/2015,8/5/2015,
Digital Theatre,https://agportal-s3bucket.s3.amazonaws.com/uploadedfiles/Another/Supporting_Law_Enforcement/DigitalTheatreLLC2015_10_28.pdf,10/28/2015,4/19/2014,9/30/2014
Service Systems Associates,https://agportal-s3bucket.s3.amazonaws.com/uploadedfiles/Another/Supporting_Law_Enforcement/ServiceSystemAssociatesInc2015-10-13.pdf,10/13/2015,3/24/2015,5/20/2015
Peggy Olson,https://agportal-s3bucket.s3.amazonaws.com/uploadedfiles/Another/Supporting_Law_Enforcement/PattyOlsonAccounting2015_10_19.pdf,10/9/2015,9/2/2015,
T-Mobile (Experian),https://agportal-s3bucket.s3.amazonaws.com/uploadedfiles/Another/Supporting_Law_Enforcement/T-Mobile%28Experian%292015-10-01.pdf,10/1/2015,9/15/2015,
Charles Schwab,https://agportal-s3bucket.s3.amazonaws.com/uploadedfiles/Another/Supporting_Law_Enforcement/CharlesSchwab2015-10-02.pdf,10/1/2015,8/25/2015,
Scottrade,https://agportal-s3bucket.s3.amazonaws.com/uploadedfiles/Another/Supporting_Law_Enforcement/Scottrade2015-10-01.pdf,9/30/2015,15-Jul,
Rite Aid Corporation,https://agportal-s3bucket.s3.amazonaws.com/uploadedfiles/Another/Supporting_Law_Enforcement/RiteAideCorporation2015-09-29.pdf,9/29/2015,8/20/2014,7/14/2015
Sterbick Associates,https://agportal-s3bucket.s3.amazonaws.com/uploadedfiles/Another/Supporting_Law_Enforcement/Sterbick_Associates2015-09-29.pdf,9/26/2015,8/23/2015,
Costco Photo Center,https://agportal-s3bucket.s3.amazonaws.com/uploadedImages/Another/Supporting_Law_Enforcement/CostcoPhotoCenter2015_09_22 %281%29.pdf,9/22/2015,7/17/2015,
Molina Health Care,https://agportal-s3bucket.s3.amazonaws.com/uploadedImages/Another/Supporting_Law_Enforcement/MolinaHealthcare%28CVS%292015_09_21.pdf,9/18/2015,7/20/2015,
The Lifetime Healthcare Companies,https://agportal-s3bucket.s3.amazonaws.com/uploadedfiles/Another/Supporting_Law_Enforcement/LifetimeHealthCare%28and affiliates%292015_09_10.pdf,9/9/2015,8/5/2015,
Olympia Hotel Management,https://agportal-s3bucket.s3.amazonaws.com/uploadedfiles/Another/Supporting_Law_Enforcement/OlympiaHotelManagement2015_08_31.pdf,8/21/2015,8/12/2015,
"Web.com Group, Inc.",https://agportal-s3bucket.s3.amazonaws.com/uploadedfiles/Another/Supporting_Law_Enforcement/Web.comGroupInc2015_08_20.pdf,8/18/2015,8/13/2015,
SterlingBackcheck,https://agportal-s3bucket.s3.amazonaws.com/uploadedfiles/Another/Supporting_Law_Enforcement/SterlingBankCheck2015_08_17.pdf,8/11/2015,5/29/2015,
