BRCompany,InitialDiscDate,BRDCAAwareDate,ImplicationDateStart,ImplicationDateEnd,SC ConsumersAffected,NatureofBreach,InformationExposed,BRCategory
"Dominion Dental Services, Inc., Dominion National Insurance Company, & Dominion Dental Services USA",4/24/2019,6/25/2019,8/25/2010,4/24/2019,3439,"Through investigation of internal alert, Dominion National determined that an unauthorized party may have accessed some of its computer servers","names, addresses, email addresses, dates of birth, SSNs, member ID numbers, group numbers, subscriber numbers, and financial account information (bank account and routing numbers)",Other
Mediant Communications Inc,4/16/2019,5/31/2019,4/1/2019,4/1/2019,2698,An unknown malicious party obtained unauthorized access to four Mediant business email accounts by exploiting a vulnerability in the third party email software used by Mediant.,"Name, address, email address, phone number, Social Security Number/tax identification number, and/or financial account number",Financial
"Drury Hotels Company, LLC",3/26/2019,5/28/2019,12/29/2017,3/15/2019,77,Unauthorized access to payment card transaction records in third party network.,"Name, address, payment card number, expiration date,  the card's external verification code and email address.",Other
The Georgia Institute of Technology,3/22/2019,6/11/2019,12/14/2018,3/22/2019,29645,An unauthorized third-party had found a way to send queries through a Georgia Tech web server to an internal database.,"Name, address, Institute ID, date of birth and Social Security number",Other
"Retrieval-Masters Creditors Bureau, Inc",3/20/2019,6/7/2019,8/1/2018,3/30/2019,55799,A security compromise of its web payments page from an independent third-party compliance firm that works with credit car companies.,Social Security Numbers and credit card numbers.,Financial
Earl Enterprises,2/23/2019,4/1/2019,5/23/2018,3/18/2019,,Malicious software installed on some point-of-sale systems at limited number of locations,"payment card data, including credit and debit card numbers, expiration dates and, in some cases, cardholder names",Retail
Palmetto Health,2/19/2019,4/2/2019,,,2260,Email phishing scam (Employee open email attachment of phishing scam),"Full name, social security number, date of birth/death, addresses, email, telephone number and other information commonly found in a medical record.",Health
Coinmama,2/17/2019,4/15/2019,12/1/2018,12/30/2018,3941,unauthorized activity,"Name, mailing address, email address, date of birth, and government-issued identification card information",Financial
The Hartford,1/31/2019,3/18/2019,,,1,personal information captured by another employee using a physical device installed on company computers,employee usernames and passwords,Financial
Coastal Ridge Real Estate Partners,1/12/2019,4/8/2019,1/12/2019,1/12/2019,53,Employee's email account compromised,"Financial account information, social security numbers, driver's license numbers, usernames and passwords for online accounts, health insurance information and/or dates of birth",Other
St. Francis Physician Services (SFPS),1/4/2019,3/5/2019,,,30044,Individual gained access to some systems.,"names, DOB, addresses, names of health insurers, SS#, info related to care received at Milestone Family Medicine.",Health
"Huddle House, Inc.",1/3/2019,2/1/2019,8/1/2017,1/3/2019,,Malware on POS systems,"Name, Credit/debit card number, expiration date, cvv code, and service code",Retail
"Bel USA, LLC",12/20/2018,1/4/2019,8/5/2018,11/16/2018,1188,Unauthorized code was inserted into the websites shopping cart page so it could collect some of the information consumers entered.,"Name, address, email address, phone number, credit or debit card number, expiration date, CVV",Retail
"Image-I-Nation Technologes, Inc.",12/20/2018,2/4/2019,11/1/2018,11/15/2018,3991,Unknown actor obtained unauthorized access to the database containing personal information.,"Some personal information was exposed to others including first and last names, dates of birth, home addresses, social security numbers",Retail
"Key West Hotels, LLC",12/13/2018,4/4/2019,2/7/2018,12/13/2018,95,Unauthorized person installed malware on hotel front desk computer system,"guest names, addresses, phone numbers, frequent guest account numbers, and partial credit or debit card numbers; in some cases, the expiration date of the credit card may have also been included",Other
Oklahoma Department of Securities,12/11/2018,5/17/2019,12/11/2018,12/11/2018,1392,Vulnerability in its firewall that made a server accessiable.,"Social Security number, date of birth, driver's license or state identification number, medical or health information and financial account information.",Government
"LPL Financial, LLC",11/1/2018,11/19/2018,11/1/2018,11/1/2018,3006,Unauthorized person accesssed a user's account on a file sharing system.,"Name, account number, SS#",Financial
Owen J. Roberts School District,11/1/2018,11/26/2018,,,3,Discovered that one internal district shared folder was subject to access by another OJR school district employee.,"Names, SS#, and DOB",Government
"Dunkin Brands, Inc.",10/31/2018,11/28/2018,,,1714,3rd parties obtained usernames and passwords from security breaches of other companies were using this information to attempt to log into Dunkin DD Perks accounts. DBI did not experience a data security breach of its own system,"First and last name, email address (username) , and 16 digit DD Perks account numbers and DD Perks QR codes.",Retail
"Dunkin Brands, Inc.",10/31/2018,12/10/2018,,,1714,A security vendor discovered that 3rd parties obtained information from security breaches of other companies.,"first and last name, email address, DD Perks account numbers and QR Codes",Retail
"HealthEquity, Inc.",10/5/2018,11/19/2018,9/4/2018,10/5/2018,1616,Unauthorized logins to two employees' email accounts.,"Name, SS#, account type, employer's name, health plan enrollment data",Financial
Atrium Health,10/1/2018,12/27/2018,9/22/2018,9/29/2018,101966,A cyber incident may hve involved certain databases containing billing information.,"First and last name, address, DOB, insurance policy information, medical record #, SS#, invoice #, account balance, dates of service",Health
Butzel Long,9/23/2018,3/4/2019,,,254,ransomeware incident,No evidence showing the data was exfiltrated,Other
"Thesy, LLC",9/20/2018,11/26/2018,12/6/2017,6/27/2018,4163,Malicious codes were inserted into the website's e-commerce software.,"Name, Address, credit card number, CVV code and expiration date",Retail
"Newegg, Inc.",9/19/2018,11/19/2018,8/13/2018,9/19/2018,2098,Unauthorized user changed the website checkout page to collect certain information.,"Name, address, payment card number, expiration date, CVV2",Retail
Ransom Memorial Hospital,9/14/2018,10/19/2018,5/31/2018,6/11/2018,1,Phishing attacks on employee email accounts,"Personal health info, SS#, Bank acct #, credit card #, Driver's license #, biometric data, and passport information.",Financial
"Marriott International, Inc.",9/8/2018,12/3/2018,10/1/2014,11/19/2018,,Unauthorized access to the Starwood network had copied and encrypted information,"name, mailing address, phone number, email address, passport #, date of birth, gender, arrival and departure info, reservation date, communication preferences, payment card numbers, expiration dates",Financial
Buehler's Fresh Food,9/6/2018,10/15/2018,2/1/2016,9/8/2018,3,Website was infected with malware,"First and last names, addresses, credit card information , email addresses and phone numbers",Retail
Shein,8/22/2018,10/15/2018,6/1/2018,8/15/2018,18371,Criminial Cyberattack to the network and malware placed on servers.,email addressses and encrypted password credentials of customers who visited the website.,Retail
"Performance Food Group, Inc. (PFG)",8/20/2018,9/21/2018,1/1/2011,8/20/2018,548,Unauthorized individual accessed the app the company uses for employees to access their email remotely.,"Name, address, SS#, driver's license #",Financial
Cheddar's Scratch Kitchen,8/16/2018,8/28/2018,11/3/2017,1/2/2018,7648,Unauthorized access to network,Payment card numbers,Retail
Banker's Life and Casualty Company,8/7/2018,10/26/2018,5/30/2018,9/13/2018,33672,Unauthorized third parties accessed credentials belonging to a limited number of employees.  Investigation revealed unauthorized third party was able to use improperly obtained employee information to gain acess to certain company websites.,"Names, addresses, DOBs, Insurance information (such as application/policy number, types of nsurance, premiums, dats of service and claims amounts), last four of SSN.",Financial
"Richared Owen Nursery, Inc. dba Dutch Gardens USA",8/6/2018,9/4/2018,9/29/2017,7/31/2018,183,Website was infected with malware.,"First and last names, addresses used, credit card info, email addresses and phone numbers.",Retail
"Stein Mart, Inc.",8/6/2018,11/14/2018,12/28/2017,7/9/2018,15,Unauthorized code inserted into Annex Cloud's systems that operate the login application.,"Name, address, email address, payment card number, expiration date and CVV",Retail
"Title Nine Sports, Inc.",8/6/2018,11/13/2018,12/28/2017,7/9/2018,993,A third party vendor identified and removed unauthorized code on their system that enabled individuals to use their user name and password from social media sites to checkout on merchant sites.,"name, address, payment card number, expiration date, CVV code",Retail
"Movement Mortgage, LLC",8/1/2018,9/4/2018,10/9/2017,3/29/2018,5570,Several employee email accounts were sending phishing emails.,"Name, SS#, driver's license #, passport #, taxpayer identification #, credit card #'s and/or bank account information.",Financial
Augusta University,7/31/2018,9/4/2018,9/10/2017,9/11/2017,31505,Phishing emails solicited user names and passwords which allowed hackers access to a small number of internal email accounts.,"names, addresses, DOB, medical record #'s, medical info, treatment info, surgical info, diagnoses, lab results, medications, dates of service, insurance info, SS#, driver's license #, payment card or bank account numbers.",Government
"CNG Financial Corporation, Inc.",7/11/2018,8/30/2018,7/11/2018,8/30/2018,14359,USB drive was shipped via UPS; the package arrived damaged and the USB drive was missing and still has not been located.,"Names, addresses, SS#'s and loan information",Financial
AMB Industries Incorporated,6/14/2018,3/18/2019,1/8/2018,8/7/2018,2948,Email phishing incident resulting in unauthorized access to some ABM employee email accounts,"SSNs, driver's license numbers, usernames and passwords, medical information, taxpayer identification numbers",Other
North Colonie Central School District (NCCSD),6/6/2018,7/2/2018,3/16/2018,5/18/2018,1,"One page (containg PII), from a 28 page quotation document was posted to the website.","Names, DOB, SS#",Other
"ComplyRight, Inc.",5/22/2018,7/24/2018,4/20/2018,5/22/2018,8418,Unauthorized access to the website and some personal information may have been downloaded or acquired by the unauthorized user.,"Name, address, phone number, email address, SS# and a portion of the individual tax form recipients",Financial
Lexington County School District One,5/14/2018,5/18/2018,5/8/2018,5/8/2018,5949,A 14 year old student hacked into the PowerSchool system and accesssed information.,"Names, addresses and social security numbers.",Government
"Elmcroft Senior Living, Inc.",5/12/2018,6/27/2018,5/10/2018,5/12/2018,1037,3rd party accessed a user account and began transferring demographic information of patients.,"Names, DOB, and in some instances SS#'s and personal health information.",Health
Brinker International,5/11/2018,5/21/2018,3/1/2018,4/30/2018,,Malware was used to obtain card payment information from certain Chili's Grill & Bar locations.,"Credit/debit card numbes, names, expiration dates and CVV codes",Retail
"Titan Manufacturing and Distributing, Inc.",5/2/2018,12/10/2018,11/23/2017,10/25/2018,1002,Malware was discovered on the e-commerce platform,Payment Card Information,Retail
"Farmgirl Flowers, Inc.",4/29/2018,5/14/2018,4/26/2018,4/29/2018,2,"A file containing a rogue code was inserted by unknown persons on the Farmgirl's website check out page, so it could capture and download information entered by customers at checkout.","name, billing address for a credit card, telephone number, email address, and credit card information including card number, name on card, issuer, expiration date, and security code.",Retail
"Captiva MVP Restaurant Partners, LLP (PDQ)",4/20/2018,6/25/2018,5/19/2017,4/20/2018,91296,PDQ's systems (including via its outside technology vendor's remote connection tool) was the target of a cyber attack by a hacker.,Track 1 credit card information (Credit card numbers) and Names.,Financial
"TaskRabbit, Inc.",4/12/2018,5/18/2018,4/11/2018,4/16/2018,19019,Unauthorized party gained access to its systems.,"Name, website usemame and password, date of birth, truncated payment card, social security number, and/or bank account number.",Retail
International Mission Board,4/11/2018,7/17/2018,,,7783,"Unknown criminal actor accessed a data file within the system that held information provided by individuals as part of the initial process to serve with IMB as field personnel, volunteer or home office staff.","Name, address, phone, email address, SS#, DOB and possibly limited health information",Other
"Best Buy, Inc.",3/31/2018,4/17/2018,9/26/2017,10/12/2017,4716,Malicious code was inserted in software that appears to have enabled an unauthorized party access.,"Names, addresses, payment card number, expiration date, and security code.",Retail
Hudson's Bay Company (HBC),3/29/2018,5/3/2018,7/1/2017,3/31/2018,,"Malware was discovered on system which was intended to collect customer's payment card information from Saks Fifth Avenue, Saks OFF 5th and Lord & Taylor locations across North America.","Cardholder name, payment card number, expiration date -  however, this did not include Saks Fifth Avenue Credit Cards.",Retail
"Delta Air Lines, Inc.",3/28/2018,4/18/2018,9/26/2017,10/12/2017,12575,"Malware present in [24)7.ai's, a third party vendor, software allowed unauthorized access possible for some customer's information when the information was manually entered to complete a payment card purchase.","Name, address, payment card number, CVV number, and expiration date.",Retail
Sears Holdings,3/26/2018,5/18/2018,9/27/2017,10/12/2017,1193,Unauthorized individual was able to incorporate a malicious script into our vendor's code which was used to provide certain services on their website.,"Names, addresses  and payment card information",Retail
SC Commission on Higher Education,3/10/2018,3/18/2018,5/26/2017,3/10/2018,3200,Palmetto Fellows Scholarship database became viewable on the SCCHE's website without requiring the proper credentials.,"Names, addresses, social security numbers.",Government
Emplyee Benefits Corporation,3/7/2018,5/25/2018,,,1,"Unusual FedEx tracking emails, which took the fonn of a typical phishing email, received by certain participants of benefit plans administered by Employee Benefits Corporation.","name, email address, Social Security number, phone number, mailing address, date of birth, and in limited circumstances, financial account information and healthcare related information.",Health
Orbitz,3/1/2018,3/21/2018,10/1/2017,12/22/2017,2530,"Someone may have accessed information, stored on the consumer and business partner platforms, that was submitted for certain purchases made between January 1, 2016 and December 22, 2017.","Full name, payment card information, date of birth, phone number, email address, physical and/or billing address and gender.",Other
"Heacock Insurance Group, LLC and Heacock Payroll, LLC",2/23/2018,7/24/2018,,,80,An employee may have been the victim of an email phishing scam. Other employee's email accounts may have been compromised and an unknown person may have had access via those accounts to personal information.,"Full names, SS#, driver's license number and/or bank account numbers",Financial
"Thomas Chandler Thomas & Hinshaw, LLP",2/21/2018,6/26/2018,2/15/2018,2/21/2018,34,Unauthorized user may have accessed the computer system.,"Names, SS#'s and may have included bank account numbers",Other
Presti & Naegle,2/14/2018,3/23/2018,,,3,Unknown party accessed the firm's 3rd party vendor CCH Client Access Portal.,"First & last names, addresses, SS#, and 2015, 2016 & 2017 tax return information including compensation data.",Financial
"Unified Trust Company, N.A.",2/13/2018,11/13/2018,12/6/2017,2/25/2018,1944,Suspicious activity within two employee's email accounts.,"Name, date of birth, address, SS# and financial account number.",Financial
"Unified Trust Company, N.A.",2/13/2018,11/16/2018,12/6/2017,2/25/2018,1946,Suspicious email activity within two employees email account.,"Name, DOB, SS# and financial account number",Financial
Trident Technical College,2/5/2018,3/5/2018,2/5/2018,2/5/2018,1,A work-study student used his work-study access to the computerized student records system to print screenshots of another work-study student's academic history. This was outside of the scope of his job duties and violated FERPA.,screenshots of another work-study student's academic history.,Other
University of Wisconsin-Superior Alumni Association,2/5/2018,2/26/2018,2/1/2018,2/1/2018,11,"The association sent out a travel brochure to the alumni on February 1, 2018. While preparing the mailing data, an ID number (which was the SS# of some alumni) was sent to their travel vendor and appeared above each individual's name and address.","First and last names, SS#, home addresses.",Other
Global University,2/1/2018,5/15/2018,12/31/2017,1/31/2018,1162,A database containing infonnation related to current and former Global students was misconfigured and accessible to the Internet.,Name and Social Security Number,Government
"TradeMotion, LLC",2/1/2018,7/30/2018,10/1/2017,5/31/2018,1013,Unauthorized individual or group extracted PII through a technical vulnerability and using compromised credentials.,"Names, billing & mailing addresses, email addresses, phone #'s, credit/debit card #'s, CVV codes and expiration dates.",Retail
Wofford College,1/17/2018,3/5/2018,1/16/2018,1/16/2018,1,Staff member clicked on link in phishing message and entered active directory credentials,"We do not believe financial records were compromised, only a few credentials",Other
University of Toledo,1/16/2018,5/21/2018,1/16/2018,1/16/2018,24,One of the faculty members misplaced and unencrypted flash drive.,"Names, addresses, social security numbes, and possibly dates of birth",Government
OneMain Financial,1/8/2018,2/12/2018,9/1/2017,1/16/2018,58,Unauthorized individual accessed the personal or work email accounts of OneMain Customers. Individual may have created rewards accounts and inflated rewards accounts to redeem the points for gift cards.,"First name, last name, phone #, OneMain loan account #, OneMain Rewards account and types of insurance purchased for a OneMain loand account",Financial
"Deli Management, Inc. dba Jason's Deli, Inc.",12/22/2017,1/16/2018,6/8/2017,12/22/2017,90984,"Payment processors notified them that a large quantity of payment card information had appeared for sale on the ""dark web"" and tha the data indicated it came from Jason's Deli locations.","Approx 3.4 million unique payment card numbers, cardholder name, card number, expiration date, cardholder verification value and service code. The cardholder verification value is not the same as the three or four digit code on the back of the card.",Financial
Transamerica,12/8/2017,6/1/2018,3/1/2017,1/31/2018,1048,unauthorized parties used compromised third-party credentials to log into a Transamerica website and access the online account information of plan participants,"Name, address, social security number, date of birht, financial account information and employment details",Financial
"TIO Networks USA, Inc.",11/10/2017,12/28/2017,1/1/2014,11/10/2017,97343,Security vulnerabilities were discovered in their systems.,"Bank account info, SS#'s and payment card information",Financial
FastHealth Corporation,11/2/2017,2/28/2018,8/14/2017,8/18/2017,6307,Law enforcement informed businss that a 3rd party may have accessed or acquired information from databases.,"names, DOB, SS#, driver's license numbers, payment card numbers and expiration dates",Health
GreatBanc Trust Company,10/23/2017,6/19/2018,,,160,"Unauthorized party accessed one of the companies email accounts and created an email folder and attempted to direct emails relationg ot ""wire transfers"" to the account.","Names, addresses, dates of birth and/or social security numbers.",Financial
"Forever 21, Inc.",10/15/2017,1/3/2018,4/3/2017,11/18/2017,,Unauthorized access to data from payment cards used at certain stores. Investigation indicated that encryption technology on some POS devices at some stores was not always on.,"Card number, expiration date, internal verification code and occasionally the cardholder name.",Retail
Gallagher NAC,9/21/2017,11/20/2017,6/18/2017,9/19/2017,5598,Unusual activity relating to a database that is tied to a web application used by GNAC customers.,First and last names and social security numbers,Other
Sonic,9/18/2017,10/5/2017,,,,Malware attack,credit and debit card numbers,Retail
"Tween Brands, Inc.",9/7/2017,11/8/2017,,,2631,Attempts made to gain access to one of their web servers.,"current and former Tween Brand associates names, dates of birth and social security numbers.",Retail
"Century Martial Art Supply, LLC",9/1/2017,9/29/2017,7/1/2017,8/24/2017,25,Malware intrusion on software,"Name, address, email address, phone number, credit or debit card numbers, cvv2 codes and expiration dates",Retail
"Guaranteed Rate, Inc.",9/1/2017,1/16/2018,6/9/2017,10/2/2017,1068,Email phisihing attacks to some borrowers instructed the consumers to wire mortgage closing funds using fraudulent wiring instructions. A limited number of consumers followed the instructions and most were able to recover their funds.,"SS#, DL#, financial account information.",Financial
"FlexShopper, LLC",8/30/2017,10/6/2017,8/25/2017,8/30/2017,4094,A database containing customer information may have been inadvertently accessible on the internet for a few days.,"Name, address, email, phone, SS#, DOB, passwords, employment info, self-reported income, bank acct info, payment card info.",Retail
"ABB, Inc.",8/25/2017,9/12/2017,8/25/2017,8/25/2017,1967,Some employee email accounts had suspicious login activity as a result of a phishing scheme.,"Name, home address, date of birth, plan member ID, and social security number.",Other
"W.W. Grainger, Inc.",8/23/2017,9/26/2017,8/23/2017,8/23/2017,2158,Employee laptop was stolen from his/her vehicle outside his/her home. The employees' network and IT credentials were disabled and the laptop was set to automatically wipe its contents the next time it connects to the internet.,"Name, address, ss#, retirement benefits.",Other
"Shop-Rite Supermarkets, Inc.",8/9/2017,11/1/2017,2/1/2016,2/28/2016,1,"The pharmacy located in the ShopRite of Kingston, NY experienced a data security incident involving the loss of personal and medical information. A device used in the pharmacy to capture customer signatures was inadvertently disposed of in February 2016.","name, number, date of birth, prescription number, medication name, date and time of pick-up or delivery, signature, and zip code.",Retail
"Equifax, Inc.",7/29/2017,9/8/2017,5/1/2017,7/31/2017,2419033,US website application was accessed by criminals to obtain information from files.,"Names, SS#'s, birth dates, addresses, some driver's license numbers, some credit card numbers, certain dispute documents containing PII",Financial
"Cheddar's, Inc.",7/21/2017,10/13/2017,,,,Several laptops and a hard drive were stolen during a break in at a locked corporate facility.,"SS#, name, address, email, phone #, other employment-related informaton and limited guest information. In some cases a copy of ID.",Retail
"Advanced Financial Services, Inc.",7/11/2017,9/6/2017,5/1/2017,5/2/2017,1,Unauthorized attempts to withdraw funds from certain client's investment accounts and fraudulent attempts to open credit in clients names.,"Possibly first and last names, home addresses, social security numbers, tax return info, financial account numbers.",Financial
"Avanti Markets, Inc.",7/4/2017,7/25/2017,,,,Malware attack to obtain credit card information,"card number, expiration date - further investigation showed that cardholder names were not compromised as previously suspected.",Retail
"Apartment Management Consultants, LLC (AMC)",7/3/2017,7/24/2017,6/29/2017,7/3/2017,0,"Hacker's accessed the payroll system and attempted to change direct deposit account information for about 138 employee's, however, none of those were SC residents.",,Financial
Wooster-Ashland Regional Council of Governments (WARCOG),6/28/2017,8/14/2017,6/1/2007,6/1/2017,105,"FBI notified re cyber attack by unknown third party who accessed a computer file containing personal info of individuals listed within police incident reports originating in the cities of Wooster, Ashland and Orrville in Ohio, during the last 10 years.","First and last names, addresses, dates of birth, social security numbers and driver's license numbers.",Government
"Keller Williams Realty, Inc.",6/25/2017,7/21/2017,5/6/2017,5/10/2017,6289,Unauthorized individual gained access to certain portions of the network and gained access to certain employee files.,"Name, address, SS# and in some cases Keller Williams username and password.",Other
"Sunbelt Rentals, Inc.",6/12/2017,7/21/2017,6/12/2017,6/12/2017,1,Spear-phishing email campaign using a a spoofed email made to appear as though it came from Sunbelt's Sr. VP of IT was sent to numerous employee's. It was designed to gain access to HR systems in order to change direct deposit bank acct. information.,"Name, address, email address, company user name and password, SS#, payroll information and limited info about dependents and beneficiaries.",Other
"Value Eyecare Network, Inc. dba 39dollarglasses.com",6/8/2017,7/26/2017,,,1477,Unknown individual attempted to capture customer payment card information.,"Cardholder names, addresses, telephone numbers, and credit/debit card information",Retail
"SBE ENT Holdings, LLC",6/6/2017,7/18/2017,8/10/2016,3/9/2017,69,"Unauthorized party gained access to Sabre-specific account credentials, which permitted access to unencrypted payment card information and certain reservation information for SBE guests.","payment card info, cardholder name, card number, card expiration date, card security code; also possibly name, email, phone #, address and other information.",Retail
"SportsMem, Inc.",5/29/2017,7/20/2017,10/12/2016,5/31/2017,381,Unauthorized computer code was added to the code that operates the checkout page of www.sportsmemorabilia.com,"Although no evidence of any information captured, potentially the following information could have been exposed - name, address, phone, email address, card number, expiration date, card security code",Retail
BMO Harris Bank,5/15/2017,5/31/2017,5/15/2017,5/15/2017,103,IRS form 5498 was erroneously sent to the incorrect customers. Offering one year of credit monitoring and identity theft protection.,"Name, address, last 4 of SS#, Account Number, IRA contributions for 2016 and FMV of the IRA as of December 2016",Financial
"Peachtree Neurological Clinic, P.C.",5/10/2017,7/10/2017,2/1/2016,5/1/2017,971,Unauthorized access to computer system,"electronic medical records, patient names, addresses, phone numbers, SS#'s, DOB, driver's license numbers, treatment or procedure info, prescription info, healthcare insurance info",Health
Brooks Brothers,5/1/2017,5/17/2017,4/4/2016,3/1/2017,,"Unauthorized individual gained access to the network and installed malware in the pmt processing system designed to capture payment card info from the POS at several locations; Gaffney, Charleston, Bluffton, Myrtle Beach, and North Charleston",Cardholder Information,Retail
Hill Country Memorial Hospital,4/25/2017,5/22/2017,2/21/2017,2/21/2017,3,Unauthorized individual gained access to the email account of an ER employee for the purpose of submitting fraudulent invoices and may have accessed other email accounts as well,"Name, address, DOB, SS#, patient ID#, diagnosis, prescription info, procedure info and/or time and date of treatment.",Health
Washington State University,4/21/2017,6/12/2017,4/21/2017,4/21/2017,1866,Locked safe containing hard drive was stolen. Hard drive was backup file storage for server used by University's Social & Economic Science Research Center and contained info from survey and studies participants.,"Not all information was encrypted. Names, addresses, SSNs, and ""other types of information"" provided by University agencies, colleges, and school districts",Government
"GameStop, Inc.",4/8/2017,6/7/2017,8/10/2016,2/9/2017,18016,Unauthorized access to computer network where unauthorized access to payment card data would have been technically possible.,"Evidence does not show it was accessed, but payment card information could have been accessed.",Retail
"Chipotle Mexican Grill, Inc.",4/5/2017,5/30/2017,3/24/2017,4/18/2017,,Identified a suspicious process running on the POS devices at certain locations.,"Name, card number expiration date and internal verification code",Retail
Home Point Financial Corporation,3/30/2017,9/12/2017,11/1/2016,3/30/2017,1241,Employees had become the target of a phishing email which caused them to disclose their username and password. This inadvertently granted access to their email accounts.,"Name, address, social security number, date of birth, driver's license, passport, state identification number, payment card number and/or financial account numbers.",Financial
"Decker Car Wash, LLC dba Cactus Car Wash",3/27/2017,5/22/2017,2/22/2017,2/27/2017,2579,"The third party provider for the point of sale system experienced an intruder placing malware into the system, gaining unauthorized access to consumer info.","Name, card number and security code",Retail
"Wash Wizard, LLC",3/27/2017,4/24/2017,2/9/2017,2/27/2017,7796,"The third party provider for the point of sale system experienced an intruder placing malware into the system, gaining unauthorized access to consumer info.","Name, card number and security code",Retail
Best American Hospitality,3/6/2017,4/21/2017,12/27/2016,3/17/2017,8165,Malware was intalled remotely on point of sale equipment.,"Name, card number, expiration date, and internal verification code",Retail
Greenwood School District 50,3/6/2017,5/2/2017,1/19/2017,2/12/2017,2963,Payroll portal accounts were logged into by an unauthorized individual and it was discovered 4 employee's email accounts were logged into as well.,"Name, SS#, bank account information, credit/debit card info and driver's license or state ID#, recent years' W-2 forms and 1095 forms",Government
PenServ Plan Services,3/1/2017,4/3/2017,2/26/2017,3/1/2017,2271,Company sent plan participants an email notifying them of their various options and benefits guide. In doing so they inadvertently included a copy of a spreadsheet containing plan participants personal information.,"Name, SS#, age, DOB, Compensation, and financial plan information",Financial
Delta Career Education Corporation,2/13/2017,4/17/2017,2/12/2016,2/13/2016,13020,Unauthorized persons may have accessed information relating to current and former employees and students.,"Names, addresses and SS#'s",Other
Lexington Medical Center,2/13/2017,3/14/2017,,,21632,"Cybersecurity attack to the employee information database, which resulted in the exposure of current and former employee information.","Names, DOB, SS#'s, W-2 forms",Health
"Easy Breathe, Inc.",2/10/2017,3/31/2017,,,1419,Unknown individual may have accessed credit and debit card information used at their online store,"Names, addresses, phone #'s, credit/debit card information",Retail
"Arby's Restaurant Group, Inc. (ARG)",2/9/2017,3/13/2017,10/30/2016,1/12/2017,,Malware was identified on the point-of-sale systems of certain restaurants,"Cardholder Names, Credit/Debit Card numbers",Retail
"Aptos, Inc./Abbott Stores",2/6/2017,2/27/2017,6/1/2013,12/31/2016,1031,Unauthorized party accessed Aptos' systems and was able to access and possibly obtain customer info,"Names, addresses, phone numbers, email addresses, credit card numbers, expiration dates and CVV numbers.",Retail
Kayser-Roth,2/6/2017,7/6/2017,2/1/2016,12/1/2016,1325,Kayser-Roth uses a software called Aptos to process inline orders which had a breach affecting Hue.com and Nononses.com,"customer names, addresses, phone numbers, email addresses and payment card information",Retail
prAna,2/6/2017,3/9/2017,12/14/2016,2/6/2017,3051,Unauthorized 3rd party may have obtained access to the servers for the e-commerce website.,"Customer names, addresses, ph#, email addresses, payment card number, expiration date, CVV codes and username and account passwords for the website.",Retail
InterContinental Hotels Group Company,1/31/2017,4/17/2017,9/29/2016,12/29/2016,15757,Malware was identified as searching for track data at point of sale,"Name, card number, expiration date, and internal verification code",Retail
Lexington 2 Schools,1/25/2017,3/2/2017,1/24/2017,1/24/2017,1479,Social engineering scam; employee received email that looked legit which requested a listing of all W-2 information.,"Employee names, addresses, social security numbers, W-2 information",Government
JoFit,1/15/2017,2/27/2017,1/15/2017,1/15/2017,86,Cybersecurity attack that resulted in the possible exposure of consumer information,"Full names, Credit card information",Retail
Evanson Asset Management,1/9/2017,2/17/2017,1/9/2017,1/9/2017,2,"2 employees of the company received phishing emails that appeared legitimate, which they opened. This enabled unauthorized access to email correspondence.","Names, financial account numbers and social security numbers",Financial
"DBM Global, Inc",1/7/2017,2/1/2017,1/7/2017,1/7/2017,59,DBM Global- Phoenix office was burglarized and one employee laptop was stolen,"Name, address, phone number, SSN, employee identification number, DOB, direct deposit information.",Financial
"Uber Technologies, Inc.",11/15/2016,11/28/2017,10/13/2016,11/15/2016,5163,An individual contacted Uber in November 2016 to state he/she had accessed copies of Uber databases and files located on Uber's private cloud data storage on Amazon Web Services.,"names and driver's license numbers of about 600,000 US drivers.",Retail
Michigan State University,11/13/2016,11/28/2016,,,1780,Cyberattack involving unauthorized access to an university database containing records of currrent and former MSU employees and students,"Names, SSNs, Student ID numbers, employee ID numbers, DOBs. Databases did not contain financial, academic, contact, gift, or health information.",Government
"Aptos, Inc./Atlantic Cigar",11/1/2016,2/28/2017,2/1/2016,12/31/2016,477,Unauthorized party accessed Aptos' systems and was able to access and possibly obtain customer info,"Names, addresses, phone numbers, email addresses, credit card numbers, and expiration dates",Retail
Aptos/Tempur-Pedic,11/1/2016,4/10/2017,2/1/2016,9/30/2016,3250,Unauthorized party accessed Aptos' systems and was able to access and possibly obtain customer info,"Names, addresses, phone numbers, email addresses, credit card numbers, and expiration dates",Retail
Dixon Hughes Goodman LLP,11/1/2016,1/25/2017,,,1351,Employee/Accountant's email account accessed without authorization by unknown individual,"SSN, FEIN, financial account information, DL numbers, passport numbers.",Financial
"Spiraledge, inc.",10/31/2016,1/17/2017,5/2/2016,11/22/2016,5418,Unsual activity; Cyber attack  that resulted in potential compromise of customers debit and credit card data through e-commerce websites,"Name, address, phone number, email, card number, expiration date, and CVV",Retail
Habitat for Humanity - Michigan Fund,10/28/2016,11/17/2016,,,,"Data security incident involving back-up data stored by the former third-party service provider, including certain information pertaining to borrowers or applicants for home loans.","Name, Home address, Work address, Home and Work telephone numbers, SSN, DOB, and credit report information",Financial
Madison Square Garden Company,10/24/2016,11/23/2016,11/9/2015,10/24/2016,,unauthorized external access to payment processing system and installation of porgmram that looked for payment card data being routed through system.,"Credit Card #s, cardholder names, expiration dates, internal verification codes",Retail
Brandywine Pediatrics,10/23/2016,12/29/2016,10/23/2016,10/23/2016,25,"Unauthorized access- file server was attacked by computer virus, practice files at risk","Names, address, and medical information. Did not include SSNs or payment card information",Health
Island Hotel Company - Atlantis Paradise Island,10/21/2016,11/28/2016,3/9/2016,10/22/2016,, unauthorized external access to payment processing system and installation of porgmram that looked for payment card data being routed through system.,"Cardholder name, credit/debit card #, security code and expiration date.",Other
"Vera Bradley, Inc.",9/15/2016,10/20/2016,7/25/2016,9/23/2016,109,"Unauthorized access to payment processing system and installation of malware: designed to find ""track data"" from magnetic stripe of a payment card as data being routed through payment system; retail locations only","""Track data"" contains card number, cardholder name, expiration date, internal verification code",Retail
Active Outdoors,8/22/2016,9/21/2016,,,2978,Unlawful and unauthorized access to affected applications.,"Name, Address, DOB, Driver's License #, Physical Description Information and Full SSN.",Other
"Wheeler and Egger, CPAs, LLC",8/15/2016,9/12/2016,8/3/2016,8/6/2016,3,Cyber perpetrator(s) hacked system database.,"name, gender, DOB, telephone #, address, SS#, W-2 and 1099 info, brokerage stmt, bank acct info and any other provided specific documents.",Financial
"Eddie Bauer, LLC",8/11/2016,8/19/2016,7/15/2016,7/15/2016,9780,Retail point-of-sale systems were accessed without authorization.,"Payment card information: payment card number, security code and expiration date.",Retail
Thomasville Eye Center,8/8/2016,10/4/2016,8/8/2016,8/8/2016,4,Employee accessed a patients records without authorization and openned up a credit card.,"Names, addresses, DOB, SSN, medical billing information.",Health
Rainbow Children's Clinic,8/3/2016,10/12/2016,,,1,Hacker accessed computer system and launched ransomware attacking encrypted data - deleting some patient files,"Patient's name, address, DOB, SSN, medical information; Information about patient payment gurantor including name, address, SSN, medical payment information",Health
"Nourse Farms, Inc.",7/18/2016,8/31/2016,2/22/2016,7/16/2016,36,Unauthorized access of customer information by a 3rd party.,"Cardholder name, address, card number, expiration date and 3 digit code.",Retail
Kimpton Hotels and Restaurants,7/15/2016,9/1/2016,2/16/2016,7/7/2016,833,Malware installed on servers that processed payment cards.,"Card number, expiration date, internal verification code and card holder name.",Other
Jerry's Artarama N.C. Inc.,7/6/2016,9/1/2016,5/3/2016,7/10/2016,384,Malicious code on server allowed unauthorized access to database. Code then allowed consumer information to be intercepted during checkout process on online sales platform.,"First name, last name, billing address, delivery address, credit or debit card number, CVV/CVC number, card expiration date and cardholder email address.",Retail
"Bon Secours Health System, Inc.",6/14/2016,8/15/2016,4/18/2016,4/21/2016,104662,Files containing patient information was inadvertently left accessible via the internet by a vendor.,"Patients names, health insurer names, health insurance identification numbers, social security numbers, limited clinical information or financial information.",Health
"NLU Products, LLC",6/8/2016,7/28/2016,4/1/2016,6/1/2016,1231,Third-party accessed internal computer network.,"Names, shipping and billing address, credit/debit card number and credit security codes.",Retail
Omni Hotel and Resorts,5/30/2016,7/13/2016,12/23/2015,6/16/2016,435,Malware attack on its network affecting specific point-of-sale systems.,"Cardholder name, credit/debit card #, security code and expiration date.",Other
"KRT or ""the Company""",5/18/2016,7/16/2016,4/10/2016,4/10/2016,182,Computer system compromised by outside attacker.,"Full name, address, SSN, bank account number and date of birth.",Financial
Hard Rock Hotel and Casino Las Vegas,5/13/2016,6/28/2016,10/27/2015,3/21/2016,,Unauthorized access to the resorts payment card environment.,"Name, card number, credit card expiration date and internal verification code.",Other
"Gray Television, Inc.",5/12/2016,9/7/2016,8/12/2016,8/12/2016,95,Company notified by its insurance carrier that a package that was mailed to the carrier did not include a thumb drive containing employee information that was supposed to be enclosed.,"(Unencrypted) employee number, employee name, position title, station name, state, social security number and amount paid.",Other
"Cici Enterprises, LP",5/3/2016,7/25/2016,3/1/2016,7/19/2016,,Malware installed on point of sale software at restaurants.,Payment card information.,Retail
Acer Service Corporation,4/26/2016,6/9/2016,5/12/2015,4/28/2016,452,Consumer information stored in an unsecure manner and accessed by unauthorized 3rd-party.,"Name, address, credit card number, credit card expiration date and credit card security code.",Other
Odyssey Logistics & Technology Corporation,4/14/2016,4/25/2016,4/14/2016,4/14/2016,64,"On April 14, 2016, W-2's (2015) for many Odyssey's employees were emailed to an unknown recipient who had impersonated Odyssey's Chief Financial Officer and his email address.  As a result, this information may have been exposed to cybercriminals.","Names, addresses & SSNs.",Other
Washington Elementary School District,4/12/2016,6/3/2016,4/12/2016,4/12/2016,1,Employee emailed 2015 W-2 files to unknown person that appeared to be the District Superintendent.,"Name, address, SSN, wages and withholding information.",Other
O'Charley's,4/8/2016,5/23/2016,3/18/2016,4/8/2016,40590,Malware was installed on point-of-sale devices that looked for data from payment cards swiped in the restaurants when the data was being used to obtain authorization for the transaction.,Cardholder name and card number.,Retail
"AIM, Inc.",4/4/2016,4/27/2016,,,1143,An unauthorized person(s) identified an issue in the document upload feature of the website server that customers used to upload license and age verification documents.,"Names, driver's license numbers, state identification numbers, SSNs, passport numbers and military identification numbers.",Retail
"Medical Colleagues of Texas, LLP",3/8/2016,5/16/2016,,,41,Unauthorized individuals gained access to their computer network.,"Names, addresses, SSNs, driver's license numbers, health insurance information, medical treatment information and banking information.",Health
Advance Auto Parts,3/7/2016,3/17/2016,3/7/2016,3/7/2016,3067,A 3rd party obtained access through a phishing-type attack in which an outside party posing as an Advance employee convinced an employee to provide a file containing information about certain individuals who worked for Advance during 2015.,"Names, SSNs, 2015 gross wages and state tax locations.",Retail
"Schwaab, Inc.",3/4/2016,4/14/2016,1/22/2014,1/26/2016,1028,An unauthorized individual uploaded malicious code to Schwaab's web server.  This code allowed the individual to access Schwaab's system.,Credit card information.,Retail
"Armstrong Backus & Co., LLP",3/1/2016,3/31/2016,1/1/2016,1/24/2016,1,The company recently learned that the username and password that one of its staff member uses to access myPay Solutions was compromised at some point during January 2016.,"Name, address, SSN and compensation information.",Financial
Centene Corporation,2/1/2016,2/1/2016,,,,Loss of six hard drives.**Supplemental notice received on 25 Feb 16 - Investigation revealed that an employee admitted to placing the six hard drives in a locked receptacle for secure destruction.,"Names, addresses, DOBs, SSNs, Medical ID Numbers and health information.",Health
Wendy's,2/1/2016,7/7/2016,12/2/2015,6/8/2016,,Malware deployed on point-of-sale systems.,"Name, credit/debit card #, expiration date, cardholder verification value and service code.",Retail
Empathia,1/30/2016,6/10/2016,1/30/2016,1/30/2016,1138,Spam files were discovered on data server.,"Names, address, SSN and DOB.",Other
Automatic Data Processing (ADP),1/18/2016,1/18/2016,1/18/2016,1/26/2016,4,Investigation determined that a session management flaw created the potential for a small percentage of users potentially to view the W2 information of another authenticated user.,"Names, wages, addresses, and SSNs.",Other
Bailey's Inc.,1/11/2016,3/14/2016,12/1/2011,1/26/2016,2380,A person or persons without authorization accessed and possibly stole credit card information from the business website belonging to their customers.  The thief or thieves accessed the website remotely and overcame the firewall and security protections.,"Names, addresses, phone numbers, credit card numbers, expiration dates, CVC Codes, log-in, passwords, and other information typed into the website related to orders.",Other
The Eye Institute of Corpus Christi,1/6/2016,3/1/2016,1/6/2016,,10,"Two doctors who were recently but no longer associated with the Eye Institute, accessed its data base of electronic patient records, downloaded a copy of all Eye Institute's patient records, and provided that copy to the doctors.","Names, addresses, DOBs, SSNs, health insurance and payment information, and records of patient treatment and diagnosis.",Health
HSBC Bank USA,12/10/2015,1/14/2016,12/7/2015,12/8/2015,2271,Mortgage account information inadvertently sent to an unauthorized commercial third party by a HSBC mortgage service provider,"Names, addresses, SSNs, mortgage account numbers, deposit account numbers, payment history details, demographic data and other information required to service a mortgage.",Financial
"Landry's, Inc.",12/3/2015,2/1/2016,3/16/2015,12/3/2015,411,Criminal attackers were able to install a program on payment card processing devices at certain Landry's properties.,,Other
Hyatt Hotels Corporation,11/30/2015,1/19/2016,8/13/2015,12/8/2015,5,Payment processing system hacked; malware.,"Names, credit card numbers, expiration dates and CVC Codes.",Other
"Starworld Hotels & Resorts Worldwide, Inc.",11/20/2015,2/4/2016,3/2/2015,4/14/2015,,Malware intrusion of point of sale systems.,"Names, payment card numbers, expiration dates and CVC Codes.",Other
21st Century Oncology,11/13/2015,4/28/2016,10/3/2015,10/3/2015,97842,An unauthorized third party may have gained access to a 21st Century database.,"Names, SSNs, physician's names, diagnosis, treatment information and insurance information.",Health
MaineGeneral Medical Center,11/13/2015,1/19/2016,9/11/2015,9/12/2015,160,Computer network hacked.,"Names, SSNs, addresses, medical information, treatment information, diagnosis information, health insurance information, DOBs, emergency contact information, guarantor contact information and employer information.",Health
Intuit Inc.,11/1/2015,11/30/2015,10/23/2015,,3,"Names, addresses, SSNs, DOBs, financial information and previous year tax records.",,Financial
Intuit Inc.,11/1/2015,11/18/2015,10/12/2015,,73,"Names, addresses, SSNs, DOBs, financial information and previous year tax records.",,Financial
"Schwab Retirement Plan Services, Inc.",9/3/2015,10/7/2015,8/25/2015,,72,"Names, addresses, SSNs, DOBs, dates of termination, employment statuses, division codes, marital statuses and account balances.",,Other
Scottrade,8/26/2015,10/14/2015,12/1/2014,,69057,"Names, addresses, email address and SSNs",,Other
"Web.com Group, Inc.",8/13/2015,8/24/2015,8/13/2015,,1088,"Names, addresses and credit card numbers.",,Other
"Olympia Hotel Management, LLC",8/12/2015,9/14/2015,11/29/2014,,8,Names and payment card information.,,Other
The Lifetime Healthcare Companies,8/5/2015,9/11/2015,12/23/2013,,27253,"Names, addresses, telephone numbers, DOBs, SSNs, member ID numbers, bank account information, email addresses, and claims information with clinical information.",,Health
"YapStone, Inc.",8/4/2015,1/25/2016,7/15/2014,8/5/2015,2896,Computer network hacked.,"Names, SSNs, DOBs, driver's license numbers and bank account numbers.",Other
Costco,7/17/2015,9/25/2015,7/19/2014,,1498,"Names, billing addresses, shipping addresses, email addresses, credit card numbers, expiration dates, security codes, login and password information.",,Retail
"Hilton Worldwide, Inc.",7/13/2015,12/2/2015,4/21/2015,,,"Names, payment card information, expiration dates and security codes.",,Other
"CVS Pharmacy, Inc",7/1/2015,9/14/2015,6/1/2014,,5840,"Names, payment card numbers, expiration dates, CVC numbers, addresses, phone numbers, email addresses, usernames and passwords.",,Retail
"Service Systems Associates, Inc.",6/18/2015,10/19/2015,3/24/2015,,,"Names, account numbers, expiration dates and magnetic stripe data.",,Other
Latex Construction Company,6/2/2015,7/20/2015,6/2/2015,,10,"Names, addresses, SSNs, DOBs, telephone numbers and drug screening test results.",,Other
Automotive Recovery Services. Inc.,6/1/2015,7/7/2015,7/1/2012,,1195,"Names, SSNs, drivers license numbers, addresses, phone numbers and email addresses.",,Other
SterlingBackcheck,5/30/2015,8/3/2015,5/29/2015,,1661,"Names, SSNs and DOBs.",,Other
Medical Informatics Engineering,5/26/2015,6/24/2015,5/7/2015,,10778,"Names, addresses, email addresses, DOBs, SSNs, HIPAA information, usernames, passwords, security questions and answers, and insurance information.",,Health
Montefiore Health System,5/15/2015,6/22/2015,1/1/2013,,6,"Names, address, SSNs, next of kin and health insurance information.",,Health
Trustmark Mutual Holding Company,5/14/2015,6/29/2015,5/13/2015,,63,"Names, SSNs and payroll information",,Other
"Sally Beauty Holdings, Inc.",4/27/2015,6/26/2015,3/6/2015,,29942,"Names, credit and debit card numbers, expiration dates, cardholder verification values and service codes.",,Retail
Hard Rock Hotel & Casino Las Vegas,4/2/2015,5/4/2015,9/3/2014,,,Point of sale server hacked.,"Names, credit card numbers and CVV codes",Retail
"Copart, Inc",3/31/2015,5/28/2015,3/31/2015,,1216,"Names, addresses, Driver's License Numbers, telephone numbers, email addresses, user names and passwords.",,Other
"Blair & Associates, LLC",3/30/2015,5/18/2015,2/1/2015,,3,SSNs and tax records.,,Financial
HSBC Finance Corporation,3/27/2015,4/13/2015,12/30/2014,,1337,"Names, SSNs, account numbers and phone numbers.",,Financial
Beacon Health System,3/25/2015,6/2/2015,11/1/2013,,343,"Names, SSNs, DOBs, drivers license numbers, diagnosis, dates of service, doctor's names, Patient ID Numbers and status.",,Health
Associated Dentists,3/20/2015,5/20/2015,3/19/2015,,4,"Names, addresses, SSNs, DOBs, treating physician names, diagnosis information, medical billing information and insurance information.",,Health
Equifax,3/15/2015,4/6/2015,3/15/2015,,23,SSNs and account numbers.,,Retail
"Hough, Gelfand & Associates, CPA",3/13/2015,5/4/2015,10/30/2014,,1,"Names, DOBs, SSNs, account numbers, addresses, email addresses and employment information.",,Financial
"TD Bank, N.A.",3/3/2015,3/3/2015,12/30/2014,,2,"Names, addresses, SSNs and account numbers.",,Financial
Auburn University,3/2/2015,4/6/2015,9/1/2014,,6457,"Names, addresses, email addresses, SSNs, DOBs and academic information.",,Government
"Hilton Worldwide, Inc.",2/10/2015,12/2/2015,11/18/2014,,2173,"Names, payment card information, expiration dates and security codes.",,Other
"CP Franchising, LLC.",2/2/2015,3/4/2015,1/30/2015,,3314,"Names, addresses, email addresses, phone numbers, credit card information, SSNs, Taxpayer ID numbers, DOBs, banking information and passport information.",,Retail
Premera Blue Cross,1/29/2015,3/19/2015,5/5/2014,,,"Names, addresses, telephone numbers, DOBs, SSNs, member ID numbers, bank account information, email addresses, and claims information with clinical information.",,Health
Anthem,1/27/2015,3/6/2015,12/10/2014,,461769,"Company database warehouse was hacked.Names, addresses, DOBs, SSNs, email addresses and employment information.",,Health
"Bulk Reef Supply, Inc.",1/21/2015,3/4/2015,7/30/2014,,211,"Names, addresses, user names, passwords, and credit card information.",,Retail
Oppenheimer Funds Services,1/8/2015,1/20/2015,1/25/2014,,102,"Names, addresses, fund account numbers and SSNs.",,Financial
OsteoMed,1/1/2015,11/6/2015,1/1/2015,,5,"Names, addresses, SSNs, DOBs, employee ID numbers, health insurance elections and tax related information.",,Other
ReverbNation,1/1/2015,9/17/2015,1/1/2014,,4,"Names, addresses, email addresses, user names, passwords, employee ID numbers, phone numbers, SSNs and DOBs.",,Other
SVC-West,1/1/2015,3/23/2015,1/1/2015,,51,"Names, addresses, Driver's License Numbers, SSNs and financial account information.",,Other
Sony Pictures Entertainment,12/1/2014,12/16/2014,11/24/2014,,43,Brazen cyber attack on company computer system.,,Other
"Acosta, Inc",11/11/2014,12/17/2014,11/10/2014,,2813,"Laptop stolen from employee vehicle on 11/10/14. Laptop was password protected, but not encrypted. Remote access was terminated.",,Other
Visionworks,11/7/2014,12/1/2014,9/25/2014,,39,"A partially encrypted decommissioned server was placed into a storage closet on September 25, 2014 until it could be sent back to the home office.  When they went to retrieve the server on November 7, 2014, it was missing.",,Retail
"Allied Barton Security Services, LLC",11/1/2014,11/21/2014,11/1/2014,,2,Employee forwarded records pertaining PII to an unauthorized person.,,Other
"Calyspo St. Barth, Inc",10/21/2014,12/2/2014,10/9/2014,,7,"Calyspo St. Barth became aware of hacking activity in its e-commerce website by an unknown third party between October 9, 2014 and October 22, 2014.",,Retail
"Alliance Workplace Solutions, LLC.",9/19/2014,10/27/2014,9/19/2014,,1,Employee issued laptop stolen from a vehicle.,,Other
"Staples, Inc",9/16/2014,12/22/2014,7/20/2014,,,Staples self-detected malware activity in mid-September 2014 on some of the point-of-sale systems at a small percentage of its US retail stores.,,Retail
"The Home Depot, Inc.",9/2/2014,9/10/2014,4/1/2014,,,Unauthorized hacking of the company computer network resulted in the unauthorized access to customer information.,,Retail
Park 'N Fly,9/1/2014,1/20/2015,11/27/2013,,738,Security compromise involving payment card data processing through its e-commerce website.,,Other
Beaufort Memorial Hospital,8/11/2014,8/19/2014,8/11/2014,,,Attorney for the hospital inadvertently sent a five page document to a consumer who was filing a lawsuit against the hospital that contained PII from other patients of the hospital.,,Health
Spire Group PC,8/5/2014,8/29/2014,8/5/2014,,30,"Six company laptop computers were stolen from their Linvingston, NJ office.",,Financial
"International Dairy Queen, Inc.",8/1/2014,10/13/2014,8/5/2014,,,Backoff Malware was installed on the computer systems of third party vendors.,,Retail
SC Department of Employment and Workforce,8/1/2014,8/14/2014,8/1/2014,,8,"SCDEW received at least eight fraudulent claims for unemployment insurance.  As a result of receiving these eight claims, the DEW automatically supplied the personnel who submitted the eight false claims the PII of the eight SC residents",,Government
"Jimmy John's Franchise, LLC",7/30/2014,9/30/2014,6/16/2014,,,"An intruder stole log-in credentials from a Jimmy John's point-of-sale vender, Signature Systems, Inc.",,Retail
"Direct Learning Systems, Inc",7/18/2014,11/3/2014,10/19/2013,,27,Unauthorized hacking of the company computer network resulted in a phishing email being sent out to the customers on 13 July 2014.,,Other
Modern Gun School,7/18/2014,11/3/2014,10/19/2013,,3,Unauthorized hacking of the company computer network resulted in a phishing email being sent out to the customers on 13 July 2014.,,Other
"Freedom Management Group, LLC., dba The Natural",7/15/2014,8/22/2014,4/22/2014,,73,Unauthorized hacking of the company computer network resulted in the unauthorized access to customer information.,,Retail
"Lasko Group, Inc.",7/2/2014,8/4/2014,12/1/2011,,59,Unauthorized hacking of the company computer network resulted in the unauthorized access to customer information.,,Retail
Community Health Systems Professional Corporation,7/1/2014,8/21/2014,4/1/2014,,,Company's computer network system was hacked by an outside source.,,Health
"Goodwill Industries International, Inc.",7/1/2014,9/29/2014,2/10/2013,,,"Third party vendor's systems were attacked by malware, enabling criminals to access some payment card data.",,Retail
Atlantic Automotive Corp.,6/1/2014,6/30/2014,3/5/2014,,,Unauthorized hacking of a company computer system resulted in the unauthorized access to customer names and credit/debit card data.,,Retail
"Sterne, Agee & Leach, Inc.",5/29/2014,7/1/2014,5/29/2014,,,Employee issued laptop is missing/stolen.,,Financial
Butler University,5/28/2014,6/30/2014,11/1/2013,,756,Notified by CA police that a suspect in custody had flash drive with employee information on it.,,Other
"Self Regional Healthcare, (SRH)",5/27/2014,7/28/2014,5/25/2014,,37237,A laptop was stolen from one of the Self Regional Healthcare facilities.,,Health
David Stanley Dodge,5/13/2014,6/23/2014,5/1/2014,,3,Data security incident with vendor that supplies credit to applicants purchasing vehicles.,,Retail
"Lowe's Companies, Inc.",5/1/2014,6/4/2014,7/1/2013,,1077,"Unauthorized access to ""client service center"".",,Retail
"Michaels Stores, Inc.",5/1/2014,5/7/2014,5/8/2013,,,Payment system was hacked by criminals (malware).,,Retail
"Mid Atlantic Professionals, Inc.",5/1/2014,5/15/2014,3/7/2014,,1,The contents of a company computer drive was inadvertently exposed on the internet.,,Health
"Paytime, Inc",4/30/2014,5/28/2014,4/1/2014,,954,"Unauthorized access to ""client service center"".",,Financial
Affinity Gaming,4/17/2014,5/20/2014,12/7/2013,,,Unauthorized hacking of a company computer system resulted in the unauthorized access to customer names and credit/debit card data.,,Other
Gingerbread Shed Corporation (GSC),4/1/2014,5/13/2014,11/25/2013,,98,Unauthorized third party obtained access to the personal information of the customers of this company.,,Retail
Johns Hopkins University,3/19/2014,4/25/2014,3/1/2014,,8,Files were accidentally placed on the internet.,,Other
Auburn University,3/12/2014,3/24/2014,11/20/2013,,143,Computer system hacked.,,Other
"Assisted Living Concepts, LLC",2/14/2014,3/3/2014,12/14/2013,,2340,Unauthorized computer access with information about former employees.,,Other
"McKenna Long & Aldridge, LLP",2/14/2014,3/3/2014,11/28/2013,,,Unauthorized computer access with information about current and former employees.,,Other
"Straight Dope, LLC",1/2/2014,1/10/2014,12/15/2013,,,Computer system hacked.,,Other
"South Carolina Department of Employment & Workforce, (DEW)",12/18/2013,1/17/2014,11/20/2013,,4658,Unauthorized file transfer to USB device,,Government
"DecisionDesk, Inc.",11/1/2013,12/13/2013,10/28/2013,10/28/2013,81,Computer system hacked.,"Names, addresses, email addresses, DOBs, SSNs, financial information and other Government ID Numbers.",Other
"Service Coordination, Inc., (SCI)",10/30/2013,3/12/2014,10/20/2013,,1,Unauthorized computer access regarding info of current & former employees.,,Other
The Variable Annuity Life Insurance Company (VALIC),10/29/2013,2/26/2014,9/30/2013,,14126,Former employee had possession of customer records without authorization,,Other
Affinity Gaming,10/24/2013,12/27/2013,3/14/2013,10/16/2013,,Computer system hacked.,Names and credit / debit card information.,Other
South Carolina Health Insurance Pool (SCHIP),10/21/2013,12/31/2013,10/16/2013,10/16/2013,3341,Stolen laptop.,"Names, SSNs, dates of service and provider identification numbers.",Government
CITGO Petroleum Corp,10/9/2013,12/9/2013,6/1/2013,9/30/2013,16,Unauthorized exposure of PII.,SSNs and financial information.,Other
PayJunction,9/25/2013,10/7/2013,,,10,Computer system hacked.,"Names, SSNs and bank account numbers.",Other
Ouidad,9/20/2013,10/21/2013,6/30/2013,7/4/2013,,Computer system hacked.,"Names, addresses, email addresses, usernames, passwords, credit card numbers, expiration dates and CVC codes.",Other
Massachusetts Mutual Life Insurance Company,9/17/2013,10/9/2013,9/6/2013,9/17/2013,14,Stolen documents.,"Names, DOBs, SSNs and HIPPA information.",Other
CSX Transportation,9/16/2013,10/4/2013,9/6/2013,9/6/2013,286,Unauthorized transfer of PII.,Names and SSNs.,Other
"Bel USA, LLC",9/3/2013,9/16/2013,3/1/2013,7/15/2013,1210,Website hacked.,"Names, addresses, credit / debit card numbers, expiration dates and CVC codes.",Retail
"Kroll Background America, Inc.",9/1/2013,11/22/2013,6/1/2013,9/30/2013,150,Computer system hacked.,"Names, addresses, DOBs and SSNs.",Other
"Fidelity National Financial, Inc",8/25/2013,6/12/2014,7/1/2013,,69,Computer hacker was able to obtain access company emails through a phishing scam.  They were then able to auto forward certain email accounts in order to obtain customer PII.,,Financial
MUSC,8/22/2013,9/5/2013,6/30/2013,8/21/2013,6760,Computer system hacked.,"Names, addresses, email addresses, credit card numbers, expiration dates and CVC codes.",Health
"Outdoor Network, LLC",7/16/2013,9/6/2013,12/1/2012,7/30/2013,2000,Website hacked.,"Names, addresses, credit card numbers, expiration dates and CVC codes.",Other
US Airways,7/1/2013,8/5/2013,,,,Computer system hacked.,"User names, addresses, email addresses, security question answers, DOBs, Travel Member Numbers, last four of credit card numbers.",Other
USC,5/6/2013,6/26/2013,,,6367,Theft of computer.,"Names, email addresses and SSNs.",Government
ADP Employer Services,4/29/2013,6/4/2013,,,1819,Unauthorized exposure of employee records.,"Names, SSNs and wage information.",Other
"Allied Barton Security Services, LLC",4/29/2013,7/17/2013,,,16,Unauthorized exposure of employee records.,"Names, SSNs and wage information.",Other
Maricopa County Community College District (MCCCD),4/29/2013,12/9/2013,1/1/2011,4/29/2013,4083,Computer systems hacked twice.,"Names, addresses, email addresses, SSNs, DOBs, financial and banking information, Federal Employer ID Numbers.",Other
McKesson Corp,4/29/2013,8/12/2013,1/1/2010,12/31/2012,48,Unauthorized exposure of employee records.,Names and SSNs.,Other
"Vendini, Inc.",4/25/2013,6/12/2013,3/29/2013,3/29/2013,,Computer system hacked.,"Names, addresses, email addresses, credit card numbers and expiration dates.",Retail
York Technical College,4/16/2013,5/13/2013,1/1/2012,4/30/2013,1000,Data security compromised.,"Names. Addresses, SSNs, DOBs and driver's license numbers.",Government
"Godiva Chocolatier, Inc.",4/15/2013,6/3/2013,,,178,Lost USB drive,"Addresses, SSNs, DOBs, resumes and Employee ID Numbers.",Retail
"LivingSocial, Inc.",4/12/2013,4/30/2013,4/5/2013,4/5/2013,,Computer system hacked.,"Names, email addresses, DOBs and passwords.",Other
Harmonix,4/1/2013,6/17/2013,4/1/2013,4/1/2013,42,Computer system hacked.,"Names, addresses, email addresses, DOBs, gender and IP Addresses.",Other
Wyndham Hotels,1/18/2013,3/15/2013,,,1,Larceny of credit card information.,Name and credit card information.,Retail
Shoplet.com,1/11/2013,4/4/2013,,,1430,Website hacked.,"Names, addresses and credit card information.",Retail
"Fabric Depot, Inc.",1/7/2013,3/7/2013,10/16/2012,10/16/2012,338,Website hacked.,"Names, addresses, credit / debit card numbers and verification codes.",Retail
"SC Department of Probation, Parole & Pardon Services (SCPPP)",1/1/2013,2/7/2013,,,,Loss of files containing PII.,"Names, driver's license numbers, DOBs and SSNs.",Government
"Centric Group, LLC",12/13/2012,1/1/2013,8/1/2010,12/13/2012,,Website hacked.,"Names, credit / debit card numbers, expiration dates and verification codes.",Other
Talk Fusion,12/13/2012,2/11/2013,,,454,Computer system hacked.,"Names, addresses, SSNs, DOBs, credit card numbers, expiration dates and security codes.",Other
RR Donnelley/United Healthcare,12/3/2012,1/29/2013,9/15/2012,11/30/2012,191,Stolen computer.,"Names, addresses and SSNs.",Other
Nationwide,10/3/2012,11/20/2012,10/3/2012,10/3/2012,13723,Computer system hacked.,"Names, SSNs, DOBs, driver's license numbers, marital status, gender, occupation, names and addresses of employers.",Other
Nationwide,10/3/2012,11/20/2017,10/3/2012,10/3/2012,13723,Computer System hacked.,"Names, SSNs, DOBs, driver's license numbers, marital status, gender, occupation, names and addresses of employers.",Other
"Alere Home Monitoring, Inc",10/1/2012,11/9/2012,9/23/2012,9/23/2012,2361,Stolen laptop,"Names, addresses, DOBs, SSNs, and diagnosis codes.",Other
SCDOR Individual Tax Payers & SCDOR Affected Dependents,10/1/2012,12/7/2012,9/1/2012,9/30/2012,5700000,Computer system hacked.,"SSNs, Tax ID Numbers, bank account and credit card information.",Government
"Barnes & Noble Booksellers, Inc",9/13/2012,10/29/2012,,,0,Card reader compromised,"Names, card account numbers and PINs.",Retail
Clarksville-Montgomery County School System,6/11/2012,8/13/2012,,,8,Computer accessed w/o permission.,"Names, addresses, SSNs, DOBs, and Student ID Numbers.",Government
USC College of Edu,6/6/2012,8/22/2012,,,33676,Breach of web server.,SSNs,Government
Woodrow Wilson National Fellowship Foundation,5/17/2012,6/19/2012,5/17/2012,4/17/2012,1,Data exposed to the Internet.,"Names, addresses, email addresses and SSNs.",Other
"Altrec, Inc.",5/7/2012,5/29/2012,,,1178,Website hacked.,"Names, addresses, credit card numbers, expiration dates and four digit security codes.",Other
SCDHHS,4/10/2012,4/26/2012,1/31/2012,4/2/2012,228435,Unauthorized transfer of PII.,"Names, addresses, DOBs, Medical ID Numbers and Medical Health Insurance Claim Numbers.",Government
Emblem Health,3/29/2012,6/3/2012,9/27/2011,9/27/2011,,Employee emailed out Master Broker List to an outside individual.,"Names, SSNs, addresses, phone numbers, DOBs and Broker License Numbers.",Health
"Northeast Foundation for Children, Inc",3/22/2012,4/2/2012,,,1,Loss of credit card information.,Credit card information.,Other
Washington University in St. Louis,2/17/2012,3/19/2012,2/17/2012,2/17/2012,1,Employee copied electronic files without authorization.,"Names, addresses, SSNs and DOBs.",Other
UNC at Charlotte,2/15/2012,5/11/2012,,,,Data exposed to the Internet.,"Names, addresses, SSNs and financial account numbers.",Government
New York State Electric & Gas,1/15/2012,1/30/2012,,,3361,Unauthorized access to confidential records.,"SSNs, DOBs, and financial account numbers.",Other
"Motorola Mobility, Inc.",12/15/2011,2/6/2012,3/1/2010,10/31/2011,,Refurbished tablets sold with previous owner's information still on the tablets.,DNR,Retail
Trident University,11/29/2011,2/23/2012,11/29/2011,2/21/2012,1854,Computer system hacked.,"Usernames, passwords, names, addresses, DOBs and SSNs.",Other
Regions Financial Corporation,11/18/2011,1/26/2012,,,1454,Thumb drive never recv’d in mail.,"Names, SSNs and DOBs.",Financial
"Summit Sports, Inc",10/25/2011,12/28/2011,5/1/2020,12/15/2011,496,Computer system hacked.,"Names, email addresses, billing addresses, and credit card information.",RETAIL
Fannie Mae,10/15/2011,10/31/2011,,,7,Employee attempted to sell copies of financial records.,"Names, addresses, SSNs, DOBs and credit scores.",GOVERNMENT
"Aaron's, Inc",9/26/2011,10/21/2011,,,32640,Stolen computer.,Names and SSNs.,RETAIL
Berkeley HeartLab,9/25/2011,11/4/2011,4/1/2008,4/30/2011,5849,Unauthorized access by employee.,"Names, addresses, DOBs, SSNs, and HIPPA information.",HEALTH
Benefits Administration Services (BAS),8/15/2011,9/21/2011,,,14,Lost CD containing PII.,"Names, addresses, DOBs, SSNs, and Medicare claim numbers.",FINANCIAL
Neurological Institute of Savannah,7/5/2011,8/20/2011,7/2/2011,7/2/2011,,Stolen computer hard drive.,"Names, addresses, SSNs, DOBs, and billing account information.",HEALTH
"Sony Network Entertainment America, Inc",5/1/2011,5/9/2011,4/17/2011,4/19/2011,,Computer system hacked.,"Names, addresses, email addresses, DOBs, password and login information, and credit / debit card numbers.",RETAIL
"Universal Leaf Tobacco Company, Inc",4/19/2011,5/31/2011,,,30,Stolen laptop.,"Names, DOBs and SSNs.",OTHER
Spartanburg Regional,3/29/2011,5/31/2011,3/28/2011,3/28/2011,320000,Theft of laptop from personal vehicle.,"Names, addresses, DOBs and medical billing codes.",HEALTH
"ABM Industries, Inc",3/5/2011,4/29/2011,3/5/2011,3/5/2011,2107,Stolen computers.,Names and SSNs.,OTHER
Health Net,1/21/2011,3/25/2011,,,4004,Lost hard drives.,"Names, addresses, HIPPA information, SSNs and financial information.",HEALTH
Greenville Hospital System,12/31/2010,2/7/2011,,,1000,Unsecure files left in abandoned storage unit.,"Insurance information, HIPPA information, DOBs and SSNs.",HEALTH
Pentagon Federal Credit Union,12/12/2010,1/6/2011,,,2822,Computer infected with Malware.,"Names, addresses, SSNs, account numbers, and credit / debit card numbers.",FINANCIAL
"Genesco, Inc",11/30/2010,12/13/2010,,,,Computer system hacked.,"credit / debit card numbers, expiration dates and CVCs.",RETAIL
Wackenhut Services Limited Liability Company,11/29/2010,12/14/2010,,,144,Hard drives stolen.,"Names, SSNs, DOBs, passport numbers and addresses.",OTHER
SCEIP & SC DSIT,11/18/2010,1/18/2011,11/8/2010,11/18/2010,5596,Computer system hacked.,"Names, addresses, SSNs, DOBs, Benefits Identification Numbers.",GOVERNMENT
"ECS Learning Systems, Inc",10/15/2010,11/9/2010,4/1/2010,4/1/2010,21,Computer system hacked.,"Names, addresses, telephone numbers, email addresses and credit / debit card information.",OTHER
South Shore Hospital,6/17/2010,7/23/2010,2/26/2010,2/26/2010,,Loss of computer back-up files.,"Names, addresses, DOBs, SSNs, driver's license numbers, HIPPA information, banking information and credit card numbers.",HEALTH
AMR Corporation,6/4/2010,7/6/2010,6/3/2010,6/3/2010,,Theft of computer hard drive.,"Names, addresses, DOBs, SSNs, banking information & HIPPA information.",OTHER
University Health Care System,5/7/2010,6/23/2010,4/1/2008,4/30/2008,3346,Loss of computer data tape with PII.,"Names, addresses, SSNs & HIPPA information.",HEALTH
J.M. Smucker Company,4/5/2010,5/5/2010,4/5/2010,4/5/2010,14,Unauthorized email sent by an employee to an outside agency that contained PII.,"Names, addresses, email addresses, SSNs, Employee ID Numbers and DOBs.",RETAIL
"Mercer Health & Benefits, LLC",4/1/2010,8/5/2010,,,1999,Loss of server back-up tape by third-party courier.,"Names, addresses & SSNs.",HEALTH
Educational Credit Management Corporation (ECMC),3/21/2010,4/9/2010,3/21/2010,3/21/2010,,Theft of two safes. ,"Names, addresses, SSNs, & Driver's License Numbers.",FINANCIAL
DHEC,2/24/2010,5/17/2010,2/17/2010,2/17/2010,1800,Documents containing PII placed in a dumpster.,"Names, addresses, DOBs, gender, race, income level information, SSNs and HIPPA information.",GOVERNMENT
"MyPlane, Inc",2/18/2010,3/24/2010,,,,Website hacked.,"Credit card information, addresses, email addresses and phone numbers,",OTHER
Wyndham Hotels and Resorts,1/25/2010,2/24/2010,12/1/2009,1/20/2010,,Computer system hacked.,Payment card information.,RETAIL
"Beecher Carlson Holdings, Inc",1/19/2010,2/22/2010,1/19/2010,1/19/2010,857,Theft of two laptops.,Names and SSNs.,OTHER
"Beer & Wine Hobby Baccus, Inc",12/25/2009,2/17/2010,,,113,Third-party computer system hacked.,"Names, addresses and partial SSNs.",RETAIL
"Sea Ray Boats, Inc",10/21/2009,11/9/2009,10/21/2009,10/21/2009,10,Unintentional email sent containing consumer PII.,Names and SSNs,Retail
Blue Cross Blue Shield of Tennessee,10/5/2009,12/21/2010,10/2/2009,10/2/2009,11184,Larceny of 57 computer hard drives.,"Names, Subscriber ID Numbers, DOBs, diagnosis codes and SSNs.",HEALTH
Lincoln Financial Securities & Advisors Corporation,8/17/2009,1/5/2010,1/1/2002,8/17/2009,11100,Computer system vulnerability.,"Names, addresses, DOBs, SSNs, email addresses, account numbers, account registration, transaction details and account balances.",Financial
Kraft Foods,8/15/2009,9/24/2009,8/15/2009,8/15/2009,85,Stolen laptop and USB drive.,Names and SSNs,Retail
"Empi Recovery Sciences, Inc",7/29/2009,9/30/2009,7/29/2009,7/29/2009,11,Stolen laptop,"Names, addresses, SSNs, account balances and insurance company names.",Health
Cobra Electronics Corporation,6/14/2009,11/9/2009,6/14/2009,6/14/2009,127,Website was hacked.,Names and credit card numbers.,Retail
Tyco Flow Control,6/8/2009,6/29/2009,6/6/2009,6/7/2009,11,Laptop stolen from workplace.,DNR,Other
"Network Solutions, LLC",6/1/2009,8/5/2009,3/12/2009,6/8/2009,6633,Computer system hacked.,"Names, Addresses, credit card numbers, CVV Codes and expiration dates.",Other
"Wyndham Hotels and Resorts, LLC",5/15/2009,8/24/2009,3/29/2009,5/10/2009,253,Computer system hacked.,"Names, credit card numbers and expiration dates.",Retail
"Assurity Financial Services, LLC",3/1/2009,8/31/2009,,,506,Unauthorized use of database.,DNR,Financial
"JetDirect Aviation Holdings, LLC",2/4/2009,2/10/2009,2/2/2009,2/3/2009,1,Laptop stolen from workplace.,"Names, addresses, SSNs, banking account numbers, and tax information.",Other
"Ameriprise Advisor Services, Inc",12/17/2008,1/15/2009,,,,Third party vendor computer system hacked.,"Names, addresses, account history, holdings, balances, financial institution account numbers and tax identification information",Financial
"Express Scripts, Inc",10/1/2008,9/15/2009,10/1/2008,10/1/2008,,Computer system hacked.,"Names, SSNs, DOBs and prescription information.",Health
"Forever 21, Inc.",8/5/2008,9/18/2008,3/25/2004,8/14/2007,,Computer system illegally accessed.,Credit card information,Retail
SC State Housing Finance & Development Authority,7/14/2008,7/25/2008,7/14/2008,7/14/2008,8,Theft of laptop and files from employee vehicle,"Names, Apt Complex & Unit Numbers, DOBs, SSNs, Gender, Income & Source of Income.",Government
Adobe Systems Inc.,,10/3/2013,9/11/2013,9/17/2018,21191,Computer system hacked.,"Names, credit card numbers and expiration dates.",Other
"ALDI, Inc",,10/4/2010,8/31/2010,8/31/2010,5000,Tampered with credit card terminals ,"Names, credit card numbers and PIN numbers.",RETAIL
"Charles Schwab & Co., Inc.",,6/16/2009,5/1/2009,5/1/2009,96,Stolen hard drive.,"Names, SSNs, and account numbers.",Financial
Citibank,,4/4/2013,,,,Data exposed to the Internet.,"SSNs, DOBs, financial account numbers and names of minors.",Financial
Citibank,,6/10/2011,,,1657,Computer system hacked.,Names and credit card numbers.,FINANCIAL
Cleveland Institute of Music,,9/23/2013,,,,Website hacked.,"Names, addresses, credit / debit card numbers, expiration dates and CVC codes.",Other
Colonial Properties Trust,,2/11/2013,7/6/2012,7/6/2012,1361,Unauthorized access to tenant records.,"Names, addresses, SSNs, driver's license numbers and bank account information.",Other
DaVita Healthcare Partners,,11/7/2013,9/6/2013,9/6/2013,11,Laptop stolen,"Individual's names, clinical diagnoses, insurance carrier names, claims payment data, dialysis treatment information, SSNs and non-patient credit card numbers.",Health
"Destination Hotels & Resorts, Inc",,8/8/2010,4/1/2009,6/30/2010,,Computer system hacked.,Credit card numbers and expiration dates.,RETAIL
DLP Lamp Source,,7/27/2009,,,480,Website was hacked.,Names and credit card numbers.,Retail
"doTERRA International, LLC",,5/12/2016,3/1/2016,3/31/2016,9737,That intrusion appears to have resulted in the unauthorized acquisition in March 2016 of personal information of some of doTERRA's Wellness Advocates and customers.,"Names, SSNs, payment card information, DOBs, addresses, email addresses, telephone numbers, usernames and passwords.",Retail
Dun & Bradstreet,,10/28/2013,3/20/2013,4/3/2013,1006,Computer system hacked.,"Names, Business ID Numbers and SSNs.",Financial
ECS Tuning,,6/26/2012,5/6/2012,5/10/2012,75,Computer system hacked,"Names, addresses, email addresses, account passwords, credit / debit card numbers, expiration dates and security codes.",Retail
First Advantage Tax Consulting Services,,7/28/2010,,,,"Loss of laptop,",Names and SSNs.,FINANCIAL
Fiserv/CheckFree,,12/15/2008,12/2/2008,12/2/2008,,Web page payment redirected to Ukraine,None,Financial
"Global Payments, Inc",,6/26/2017,,,,Computer system hacked,"Names, SSNs, and bank account numbers.",Other
"Global Payments, Inc.",,6/26/2012,,,,Computer system hacked.,"Names, SSNs, and bank account numbers.",Other
GM,,3/29/2010,,,1,Unintentional email sent containing consumer PII.,"Name, SSN & Email Address.",FINANCIAL
Health Net,,11/30/2009,5/14/2009,5/14/2009,944,Lost portable computer disk drive.,"Names, addresses, SSNs, phone numbers, HIPPA information and financial information.",Health
"Horry Telephone Cooperative, Inc",,2/21/2012,2/1/2012,2/3/2012,12100,Computer system hacked.,"Names, routing numbers, bank account numbers, customer account numbers.",Other
Inter-Continental Hotels Corporation,,9/4/2013,7/4/2013,7/4/2013,11,Unauthorized access to consumer information.,"Names, addresses, email addresses and credit card numbers.",Retail
"JB Autosports, Inc.",,1/19/2016,8/11/2015,11/9/2015,44,"Website was hacked which affected customers who used Visa, MasterCard, Discover and American Express branded cards to pay for their purchases from the websites.","Names, addresses, credit card numbers, expiration dates and CVC Codes.",Retail
John Hancock Financial Services,,1/12/2010,11/6/2009,12/4/2009,493,Lost CD with PII.,"Names, SSNs, DOBs and contract related information.",FINANCIAL
KBR,,1/24/2011,,,1578,Stolen laptop.,"Names, addresses, DOBs, SSNs, Employee ID Numbers.",OTHER
Lancaster County School District,,4/20/2011,,,,Unauthorized access on computers.,"Names, addresses, DOBs and SSNs.",GOVERNMENT
"Lastar, Inc (Cables to Go)",,11/8/2010,10/18/2010,10/26/2010,40,Website hacked.,Credit card information.,RETAIL
"North American Risk Services, Inc.",,10/9/2018,2/7/2018,3/27/2018,1050,Suspicious emails were being sent from an employee's email account.,"Names, SS#, Driver's license #, financial account information, medical information, health insurance information, taxpayer/employer identification number, username and password.",Financial
"Performance Unlimited, Inc (gotbody.com)",,9/8/2011,7/15/2011,7/15/2011,1117,Computer system hacked.,"Names, addresses, email addresses and credit card numbers.",RETAIL
Roost Restaurant,,8/13/2013,1/1/2013,5/6/2013,,Computer system hacked.,Credit card information.,Retail
SC State Auditor,,1/27/2010,7/31/2009,7/31/2009,1000,Theft of laptop & USB drive.,Names and SSNs.,GOVERNMENT
Southern Wesleyan University,,10/1/2010,,,,Computer system hacked.,DNR,OTHER
Sprechman & Associates,,11/16/2012,,,,Unauthorized access to PII.,"Names, addresses, DOBs, SSNs, and driver's license numbers.",Other
Target Corporation,,12/20/2013,11/27/2013,12/15/2013,488000,Point-of-sale terminals hacked.,"Names, credit / debit card numbers, expiration dates and verification codes.",Retail
TD Bank,,3/7/2013,3/25/2012,4/5/2012,1295,Missing backup tapes.,"Names, addresses, SSNs, DOBs, driver's license numbers and account numbers.",Financial
"The Estee Lauder Companies, Inc",,7/19/2011,,,21,Stolen laptop.,Names and SSNs.,RETAIL
The Members Club at Woodcreek & Wilde Wood,,8/30/2011,9/29/2010,8/5/2011,,Computer system hacked.,"Names, addresses, billing information and credit card information.",RETAIL
"Trion Worlds, Inc",,12/22/2011,,,,Computer system hacked.,"User names, passwords, addresses, email addresses, DOBs, credit card numbers and expiration dates.",OTHER
"Wall Titus, LLC",,3/13/2017,12/20/2016,12/27/2016,3,Computer system compromised by outside attacker who gained access to the tax software. Discovered after investigation due to several inquiries from clients re fraudulent tax returns being filed through the system.,"Full names, addresses, ss#, bank account numbers, DOB",Financial
Wells Fargo,,11/29/2011,,,2,Former employee removed loan files.,"Names, addresses, DOBs and SSNs.",FINANCIAL
York County Government,,5/13/2012,,,16981,Computer system hacked,"Names, DOBs and SSNs.",Government
"Zaxby's Franchising, Inc.",,2/4/2013,,,,Computer system hacked.,Names and credit / debit card numbers.,Retail
